ATMEL_THRESHOLD_INPUTS,,,,,,,,,,,,,,,,,,,,,,,,,,,,,,,,,,,,,,,,,,,,,,,,,,,,,,,,,,,,,,,,,,,,,,,,
RAWDATA_LIMITS,,,,,,,,,,,,,,,,,,,,,,,,,,,,,,,,,,,,
,19831,24427,19940,24683,19947,24699,19952,24710,19957,24721,19960,24729,19961,24732,19965,24740,19970,24753,19976,24767,19983,24782,19995,24811,19985,24787,19994,24808,20007,24839,20007,24838,20009,24843,20012,24849,20017,24861,20023,24877,20029,24890,20034,24902,20033,24900,20043,24923,20013,24852,
,19811,24382,19930,24659,19939,24681,19946,24696,19952,24710,19959,24725,19963,24737,19969,24750,19975,24763,19981,24777,19987,24792,19998,24818,19996,24812,20003,24828,20009,24842,20016,24860,20020,24868,20025,24881,20033,24898,20041,24918,20049,24937,20058,24958,20061,24964,20071,24987,20002,24827,
,19793,24340,19914,24622,19925,24646,19930,24660,19938,24677,19945,24693,19949,24702,19955,24717,19960,24729,19966,24744,19973,24759,19984,24786,19984,24784,19990,24800,19994,24809,20002,24826,20006,24835,20012,24850,20020,24868,20029,24890,20037,24909,20047,24933,20051,24940,20060,24961,19984,24784,
,19785,24320,19907,24605,19917,24628,19923,24642,19930,24658,19936,24672,19939,24680,19945,24694,19951,24707,19956,24720,19962,24734,19972,24756,19977,24769,19985,24786,19987,24792,19995,24809,19999,24820,20006,24835,20013,24853,20023,24877,20032,24898,20044,24924,20048,24934,20056,24953,19979,24773,
,19770,24286,19894,24574,19903,24597,19909,24610,19916,24626,19921,24639,19925,24647,19931,24660,19937,24674,19942,24686,19947,24699,19957,24722,19964,24738,19971,24755,19975,24764,19982,24780,19987,24792,19994,24808,20002,24827,20012,24851,20022,24874,20034,24901,20039,24913,20046,24929,19968,24746,
,19761,24264,19884,24552,19894,24574,19899,24586,19905,24601,19911,24614,19914,24622,19921,24637,19927,24651,19932,24662,19937,24675,19947,24699,19953,24713,19961,24731,19967,24746,19974,24762,19979,24773,19986,24789,19994,24809,20004,24832,20015,24857,20028,24886,20033,24898,20039,24914,19961,24731,
,19750,24239,19874,24528,19883,24549,19888,24560,19894,24576,19900,24589,19904,24598,19910,24613,19916,24626,19921,24637,19927,24651,19937,24674,19943,24689,19950,24706,19957,24721,19965,24740,19970,24751,19977,24768,19985,24787,19996,24812,20006,24836,20019,24866,20024,24879,20032,24896,19953,24712,
,19746,24229,19870,24518,19879,24539,19884,24552,19890,24566,19896,24580,19900,24588,19907,24604,19912,24616,19917,24628,19923,24642,19932,24664,19939,24680,19947,24698,19954,24714,19962,24732,19967,24745,19974,24761,19983,24782,19993,24807,20004,24831,20017,24862,20022,24873,20030,24891,19951,24707,
,19740,24215,19864,24504,19872,24524,19878,24536,19884,24552,19890,24565,19893,24572,19899,24587,19905,24599,19910,24612,19916,24626,19927,24651,19934,24668,19941,24685,19947,24699,19956,24719,19961,24732,19969,24750,19978,24772,19989,24797,19999,24820,20012,24850,20016,24860,20025,24881,19945,24694,
,19731,24194,19855,24484,19864,24504,19868,24514,19875,24531,19881,24543,19884,24551,19890,24566,19896,24578,19902,24592,19908,24607,19918,24631,19924,24645,19932,24663,19938,24678,19947,24699,19953,24712,19960,24730,19970,24751,19981,24777,19992,24802,20004,24831,20009,24842,20018,24864,19939,24679,
,19723,24175,19847,24466,19857,24488,19861,24498,19868,24514,19873,24526,19877,24534,19883,24548,19888,24561,19894,24575,19900,24589,19910,24612,19918,24630,19925,24648,19932,24664,19941,24684,19947,24699,19955,24718,19965,24740,19976,24765,19986,24790,19998,24817,20003,24829,20013,24852,19933,24665,
,19718,24164,19843,24455,19852,24477,19857,24487,19863,24502,19869,24516,19872,24524,19878,24537,19883,24550,19889,24562,19894,24575,19904,24599,19914,24620,19922,24639,19928,24654,19938,24676,19944,24691,19952,24709,19961,24731,19972,24757,19983,24782,19994,24808,19999,24820,20009,24844,19930,24658,
,19716,24159,19841,24451,19850,24471,19854,24481,19861,24497,19867,24511,19870,24518,19875,24531,19881,24544,19886,24556,19892,24570,19902,24594,19912,24617,19921,24637,19928,24653,19936,24673,19942,24687,19950,24705,19959,24726,19971,24753,19981,24778,19993,24805,19998,24817,20009,24842,19928,24654,
,19710,24145,19835,24437,19844,24458,19848,24468,19855,24484,19861,24497,19864,24505,19870,24518,19875,24531,19881,24543,19887,24559,19897,24582,19908,24606,19917,24628,19924,24644,19931,24661,19937,24676,19945,24694,19954,24715,19966,24743,19977,24769,19988,24794,19993,24807,20004,24832,19924,24644,
,19704,24132,19829,24424,19838,24445,19843,24455,19849,24471,19855,24483,19858,24490,19863,24503,19869,24517,19875,24530,19881,24544,19891,24568,19902,24594,19911,24614,19917,24629,19925,24647,19931,24662,19939,24681,19949,24703,19960,24730,19971,24755,19983,24782,19989,24795,20000,24821,19919,24633,
,19698,24117,19824,24411,19833,24433,19837,24443,19844,24458,19850,24471,19852,24478,19858,24490,19864,24505,19870,24518,19876,24532,19886,24556,19897,24581,19904,24599,19911,24614,19919,24634,19926,24649,19935,24670,19944,24692,19956,24718,19966,24744,19978,24770,19983,24782,19994,24808,19913,24618,
,19695,24111,19821,24405,19830,24425,19835,24437,19842,24453,19847,24465,19850,24472,19856,24485,19861,24498,19866,24510,19873,24526,19883,24549,19893,24573,19902,24594,19908,24608,19916,24627,19924,24645,19933,24666,19942,24687,19953,24713,19963,24736,19975,24763,19980,24776,19992,24802,19910,24613,
,19694,24107,19820,24402,19829,24424,19835,24436,19841,24452,19846,24463,19849,24470,19855,24483,19860,24495,19866,24510,19873,24525,19882,24547,19893,24572,19902,24593,19908,24607,19916,24626,19923,24642,19931,24660,19940,24683,19952,24709,19962,24734,19973,24759,19979,24773,19990,24798,19908,24607,
,19689,24095,19814,24388,19823,24409,19829,24424,19837,24441,19841,24452,19844,24458,19850,24471,19854,24482,19861,24498,19868,24514,19877,24536,19888,24561,19897,24583,19904,24597,19911,24615,19918,24630,19925,24648,19935,24670,19947,24697,19957,24723,19969,24749,19973,24760,19985,24786,19902,24594,
,19687,24091,19813,24385,19822,24406,19828,24421,19836,24439,19841,24452,19843,24457,19848,24468,19853,24479,19859,24492,19865,24507,19875,24530,19886,24555,19895,24577,19901,24591,19908,24608,19916,24625,19923,24643,19933,24665,19944,24691,19955,24717,19966,24743,19971,24755,19982,24780,19899,24585,
,19682,24080,19808,24374,19818,24396,19824,24410,19831,24428,19837,24442,19840,24448,19844,24459,19849,24471,19854,24482,19861,24498,19872,24523,19883,24549,19891,24568,19898,24584,19907,24604,19913,24619,19920,24636,19930,24658,19941,24684,19951,24709,19963,24736,19968,24747,19979,24772,19896,24578,
,19713,24152,19839,24446,19848,24467,19854,24481,19861,24498,19867,24512,19870,24518,19874,24529,19879,24540,19885,24553,19891,24568,19901,24592,19912,24617,19921,24637,19927,24651,19936,24673,19942,24688,19950,24705,19959,24727,19971,24754,19982,24779,19994,24807,19998,24818,20009,24843,19927,24651,
,19712,24149,19837,24442,19846,24463,19852,24477,19859,24494,19865,24508,19868,24513,19872,24524,19877,24535,19882,24546,19888,24561,19897,24583,19908,24608,19918,24630,19924,24646,19933,24667,19940,24682,19947,24698,19956,24719,19968,24746,19978,24771,19989,24797,19994,24809,20006,24835,19923,24643,
,19709,24142,19834,24435,19843,24455,19849,24469,19856,24486,19862,24500,19865,24507,19870,24519,19874,24529,19879,24540,19886,24555,19895,24576,19906,24603,19916,24625,19922,24641,19931,24661,19937,24674,19944,24692,19953,24712,19964,24739,19975,24763,19986,24788,19991,24800,20001,24825,19918,24631,
,19707,24137,19831,24428,19840,24449,19847,24464,19854,24482,19860,24494,19862,24501,19868,24514,19873,24525,19877,24536,19884,24551,19893,24573,19904,24599,19914,24622,19920,24636,19928,24655,19935,24670,19942,24688,19951,24708,19962,24733,19972,24757,19983,24783,19988,24795,19999,24819,19916,24626,
,19702,24127,19827,24417,19836,24439,19842,24453,19850,24471,19856,24485,19858,24492,19864,24505,19869,24517,19875,24530,19882,24546,19891,24568,19901,24591,19910,24612,19915,24625,19924,24646,19931,24661,19939,24680,19948,24700,19958,24723,19967,24745,19978,24771,19983,24783,19993,24807,19910,24613,
,19701,24124,19825,24413,19834,24434,19840,24449,19848,24467,19854,24482,19858,24491,19864,24505,19870,24518,19875,24531,19881,24545,19891,24568,19901,24591,19909,24609,19915,24624,19924,24645,19931,24660,19938,24678,19947,24699,19957,24722,19966,24743,19977,24768,19981,24779,19992,24803,19909,24609,
,19697,24115,19820,24401,19829,24423,19836,24439,19844,24458,19850,24472,19855,24483,19861,24497,19867,24511,19872,24524,19879,24539,19888,24562,19898,24583,19906,24602,19912,24617,19921,24638,19928,24654,19936,24672,19945,24693,19955,24717,19965,24739,19976,24766,19981,24778,19992,24804,19911,24614,
,19696,24112,19818,24397,19828,24421,19835,24437,19843,24456,19850,24472,19855,24484,19862,24500,19867,24512,19872,24524,19879,24541,19890,24566,19898,24584,19906,24604,19913,24619,19922,24640,19929,24656,19937,24674,19945,24695,19955,24718,19964,24739,19975,24765,19980,24775,19990,24799,19909,24609,
,19692,24104,19814,24387,19824,24411,19831,24427,19839,24447,19847,24465,19852,24476,19859,24492,19864,24505,19870,24518,19876,24533,19887,24558,19894,24574,19902,24594,19908,24607,19917,24628,19924,24644,19931,24662,19940,24681,19949,24703,19959,24726,19970,24751,19974,24762,19984,24786,19904,24599,
,19692,24104,19813,24385,19823,24409,19830,24425,19839,24445,19846,24462,19851,24475,19858,24490,19864,24505,19870,24518,19875,24531,19886,24555,19894,24574,19902,24594,19908,24607,19916,24626,19923,24643,19930,24660,19939,24679,19948,24701,19958,24723,19969,24749,19973,24759,19983,24783,19903,24596,
,19693,24105,19812,24384,19823,24409,19830,24425,19838,24445,19846,24462,19851,24474,19858,24491,19865,24506,19870,24518,19876,24532,19886,24555,19893,24573,19902,24594,19908,24607,19916,24625,19923,24641,19930,24658,19938,24678,19948,24700,19957,24722,19968,24747,19972,24757,19983,24781,19903,24596,
,19693,24105,19812,24384,19823,24409,19830,24426,19839,24445,19846,24464,19852,24476,19859,24493,19865,24507,19870,24519,19876,24534,19886,24557,19894,24574,19902,24594,19908,24608,19917,24627,19922,24641,19930,24658,19938,24677,19947,24699,19957,24721,19967,24745,19971,24755,19981,24778,19902,24593,
,19694,24107,19813,24385,19824,24412,19831,24427,19840,24448,19848,24467,19853,24480,19860,24496,19866,24510,19872,24523,19878,24538,19889,24562,19896,24579,19904,24597,19910,24612,19919,24632,19924,24645,19931,24661,19939,24680,19949,24703,19958,24723,19968,24747,19972,24756,19982,24779,19903,24595,
,19692,24103,19811,24381,19823,24408,19830,24425,19839,24446,19847,24465,19852,24478,19859,24494,19866,24509,19871,24521,19877,24536,19888,24562,19895,24576,19903,24596,19909,24610,19917,24628,19923,24641,19929,24657,19938,24678,19947,24699,19956,24719,19965,24741,19969,24750,19979,24773,19901,24591,
,19700,24122,19817,24395,19829,24422,19836,24440,19846,24462,19853,24480,19859,24493,19866,24509,19873,24525,19878,24538,19886,24556,19898,24584,19901,24591,19909,24609,19915,24624,19922,24641,19928,24655,19935,24670,19943,24689,19952,24710,19960,24729,19970,24751,19974,24761,19984,24785,19909,24609,
,19703,24130,19820,24401,19831,24427,19838,24445,19847,24466,19856,24485,19862,24499,19869,24517,19877,24534,19882,24548,19890,24565,19903,24595,19902,24594,19909,24610,19915,24625,19923,24642,19929,24656,19935,24671,19943,24689,19952,24711,19960,24730,19969,24749,19972,24756,19981,24778,19906,24603,
,19709,24143,19824,24411,19836,24440,19843,24456,19852,24476,19860,24496,19866,24510,19873,24526,19880,24542,19887,24557,19893,24573,19906,24603,19904,24599,19912,24616,19918,24630,19925,24648,19931,24662,19938,24676,19944,24692,19952,24711,19961,24731,19969,24750,19972,24756,19980,24776,19908,24607,
,19730,24192,19839,24447,19851,24474,19859,24494,19870,24519,19878,24537,19882,24548,19889,24563,19893,24573,19896,24580,19902,24593,19914,24621,19907,24606,19914,24621,19919,24633,19926,24649,19931,24662,19936,24673,19941,24685,19947,24699,19951,24708,19952,24710,19947,24699,19952,24710,19873,24526,
,,,,,,,,,,,,,,,,,,,,,,,,,,,,,,,,,,,,,,,,,,,,,,,,,,,,,,,,,,,,,,,,,,,,,,,,
RAWDATA_TXTX_DELTA_LIMITS,,,,,,,,,,,,,,,,,,,,,
,1002,985,978,975,999,1040,1056,1077,1060,1036,1045,1024,1069,1026,955,943,945,944,945,950,955,967,976,978,1179,
,998,996,993,991,989,985,978,969,971,968,968,981,995,961,961,960,956,954,949,944,943,943,938,932,950,
,951,955,953,951,953,951,952,949,945,946,943,947,929,927,930,925,921,920,919,915,911,917,909,906,904,
,960,962,960,959,959,956,957,957,952,953,953,948,941,942,937,936,931,931,926,926,922,920,916,917,917,
,949,953,952,952,950,948,948,944,941,939,942,937,934,929,927,923,921,919,918,919,913,914,912,910,908,
,954,959,959,956,956,954,953,950,952,947,953,942,935,934,934,930,926,926,925,919,918,918,914,908,907,
,943,945,945,941,940,938,936,933,936,929,930,929,924,923,924,923,923,915,910,908,907,906,908,904,901,
,945,949,948,947,945,944,942,942,942,939,938,936,935,934,936,932,933,929,918,916,918,922,918,911,911,
,955,959,959,957,956,955,951,951,947,943,947,948,947,944,942,939,935,941,929,928,923,923,924,918,912,
,951,954,950,949,947,945,944,942,941,943,940,945,934,934,929,931,925,923,916,916,914,915,916,910,912,
,946,952,950,947,947,945,945,947,941,946,939,937,930,934,930,927,927,925,922,917,915,915,910,908,905,
,948,952,952,949,948,946,945,943,940,941,938,937,937,938,940,935,933,927,927,917,917,915,912,910,908,
,943,949,948,948,945,941,941,939,936,935,934,932,930,934,932,929,925,923,919,916,916,915,909,907,904,
,939,945,945,944,941,940,939,936,938,934,934,934,932,934,936,935,929,920,915,912,911,909,906,907,900,
,945,947,947,947,947,943,941,940,941,939,939,938,936,934,933,929,926,919,919,919,918,911,908,907,904,
,946,952,951,949,946,948,944,944,945,942,946,941,940,937,934,933,929,923,922,921,918,915,911,907,901,
,941,949,945,942,942,942,939,935,938,939,938,938,939,940,935,930,926,923,921,914,913,911,910,906,903,
,953,960,964,952,944,945,945,940,940,943,944,943,944,946,940,931,931,930,923,921,915,912,915,910,908,
,954,959,956,951,948,948,944,941,940,944,945,942,937,938,935,929,926,919,916,914,912,911,908,907,905,
,950,956,954,954,949,939,939,938,941,943,944,935,934,937,929,926,920,916,912,910,911,908,905,902,903,
,1015,1019,1015,1014,1004,999,1001,1001,998,1001,998,995,992,994,986,987,991,983,986,982,981,985,981,978,976,
,938,944,947,942,944,941,940,938,939,938,942,938,935,933,933,929,927,922,920,915,925,918,911,908,908,
,945,950,949,946,947,944,944,941,941,936,934,930,931,934,933,927,927,923,918,919,916,917,913,912,906,
,946,952,953,959,947,946,944,940,938,939,942,936,933,933,935,932,929,928,924,923,924,919,917,915,908,
,949,953,953,952,944,943,944,942,939,938,940,932,934,934,929,927,926,928,942,920,921,917,916,916,911,
,943,948,947,945,943,940,940,939,938,936,934,934,932,930,927,922,922,918,916,914,911,911,909,906,903,
,943,947,947,947,947,947,943,943,939,937,934,931,931,929,927,927,923,923,931,916,910,910,909,905,906,
,944,952,947,946,945,947,946,942,939,936,936,929,932,931,928,921,921,918,914,914,908,908,905,906,904,
,936,944,941,940,943,938,942,941,940,935,928,929,927,929,927,924,921,916,915,915,911,909,906,903,900,
,938,943,945,941,939,941,940,940,936,935,932,933,929,926,924,921,921,920,915,913,912,910,908,905,902,
,950,955,955,953,954,950,948,946,943,942,940,942,940,937,935,928,927,924,919,919,916,913,911,911,906,
,946,950,950,948,945,945,942,947,938,937,932,931,928,932,927,924,922,921,915,914,912,912,909,910,906,
,946,950,952,950,948,947,944,943,942,940,937,933,929,928,929,927,924,923,919,916,913,916,913,912,905,
,952,956,957,953,950,950,949,947,947,943,937,938,935,934,933,932,929,927,922,918,919,916,916,912,908,
,956,958,958,958,954,951,949,948,948,958,956,946,937,940,946,942,934,929,924,918,915,917,914,912,913,
,950,956,954,952,948,948,945,946,946,941,939,939,933,933,931,928,928,927,923,921,925,913,913,912,908,
,950,951,951,949,947,948,952,969,962,950,940,936,933,931,932,938,930,925,921,918,922,908,909,910,908,
,988,977,971,976,980,984,985,985,981,982,977,965,956,940,931,925,929,927,925,924,930,949,978,987,1013,
,,,,,,,,,,,,,,,,,,,,,,,,,,,,,,,,,,,,,,,,,,,,,,,,,,,,
RAWDATA_RXRX_DELTA_LIMITS,,,,,,,,,,,,,,,,,,,,,
,1275,974,984,1009,1019,1040,1036,1039,1020,1022,1065,1016,1032,1030,975,998,982,961,956,981,984,952,988,1144,
,1297,979,985,1001,979,1002,984,1009,981,977,987,968,1013,985,971,1026,1005,964,961,988,987,955,992,1141,
,1303,978,986,1003,977,996,984,1010,980,974,980,964,1001,983,972,1024,1004,966,959,991,996,963,992,1162,
,1307,978,986,1005,975,1001,985,1012,982,974,979,970,1001,983,969,1023,1003,966,960,991,996,958,994,1167,
,1306,978,989,1005,974,997,983,1013,983,974,978,973,996,985,969,1023,1002,967,962,993,998,957,995,1172,
,1305,978,988,1005,976,995,984,1009,984,977,982,969,1000,983,972,1023,1005,968,961,995,1001,961,996,1173,
,1307,979,986,1004,978,997,986,1012,984,977,979,971,1000,984,974,1018,1002,966,963,992,998,961,995,1174,
,1310,979,988,1003,977,997,986,1010,983,973,979,974,1000,984,973,1034,1008,969,960,992,996,963,997,1172,
,1310,978,987,1003,978,995,989,1013,984,977,980,974,1002,985,973,1016,1005,977,963,990,1008,959,996,1177,
,1309,981,984,1003,978,997,987,1005,986,974,978,971,1002,987,978,1019,1000,972,962,995,1003,960,994,1171,
,1306,981,983,1005,979,995,986,1004,984,976,982,973,1002,988,972,1017,998,976,964,995,996,961,991,1174,
,1307,983,982,1004,979,996,990,1011,984,974,981,977,1002,987,977,1020,997,967,968,992,990,960,991,1174,
,1305,981,984,1003,977,997,985,1007,985,975,981,979,1005,990,975,1016,999,968,969,991,986,959,991,1177,
,1308,983,985,1003,981,998,984,1007,983,976,979,980,1004,984,975,1014,1001,967,963,993,987,955,990,1173,
,1308,981,983,1005,981,996,985,1005,983,977,980,987,1004,984,976,1015,998,969,964,996,989,952,993,1176,
,1310,984,984,1000,981,997,985,1008,988,974,979,982,999,981,977,1014,997,970,966,996,990,956,993,1176,
,1310,983,986,1000,979,996,984,1005,985,976,982,984,999,984,972,1013,996,969,962,995,992,959,992,1178,
,1310,984,986,1001,978,995,983,1008,989,978,980,987,997,983,978,1011,995,970,969,997,991,959,990,1178,
,1306,982,988,1005,982,999,983,1004,988,976,980,985,1001,984,977,1008,993,967,967,999,991,954,994,1181,
,1309,981,984,1005,980,996,985,1009,986,978,981,982,1008,984,973,1006,987,967,962,994,992,955,995,1184,
,1305,983,983,1005,981,998,989,1006,982,974,986,984,1001,981,980,1007,990,968,964,997,992,958,992,1182,
,1308,981,985,1004,979,998,982,999,988,977,978,982,1005,984,978,1011,993,968,965,997,988,954,992,1183,
,1307,981,986,1004,978,998,983,1006,981,974,976,981,1002,988,969,1016,991,971,967,998,995,955,993,1183,
,1308,982,987,1003,977,998,986,1005,979,970,976,984,1002,987,969,1007,989,968,962,996,991,956,991,1181,
,1307,980,1003,1016,979,998,984,1006,979,974,980,983,1002,977,976,1004,989,964,961,997,988,953,991,1182,
,1305,980,996,1005,979,995,984,1005,982,976,979,980,1002,982,981,1003,988,965,963,990,989,954,989,1182,
,1301,979,986,1002,981,998,986,1006,984,974,979,979,1003,986,975,1001,989,966,960,991,988,955,989,1182,
,1301,982,984,1003,979,998,985,1008,987,975,980,974,1002,984,973,999,986,966,962,991,991,956,990,1178,
,1296,979,985,1006,979,994,985,1003,984,974,980,971,1004,983,970,994,985,965,962,993,990,954,988,1177,
,1293,979,986,1006,981,994,987,1004,982,972,982,973,1000,983,966,994,985,967,961,995,989,957,988,1172,
,1298,981,988,1002,976,995,985,1002,978,973,977,976,1002,983,966,991,983,963,962,993,990,955,989,1176,
,1297,980,987,1002,977,996,988,1007,977,973,976,973,1000,984,969,991,980,965,959,992,988,954,987,1175,
,1297,986,988,1002,980,998,989,1009,977,977,978,972,998,981,967,986,985,965,961,991,986,953,989,1172,
,1298,986,987,1003,984,996,989,1011,980,976,978,973,998,984,969,990,977,964,958,988,985,956,986,1172,
,1295,987,986,1004,982,997,986,1008,984,977,979,971,997,982,969,985,978,966,959,987,983,952,986,1169,
,1291,984,987,1003,981,998,986,1001,993,979,993,966,999,982,967,987,978,965,963,991,984,955,987,1165,
,1291,984,987,1005,983,996,985,1004,991,976,981,967,997,983,971,987,979,964,962,993,990,952,985,1164,
,1286,985,989,1004,983,994,988,1006,989,978,979,967,998,981,970,984,978,963,958,990,983,952,989,1158,
,1280,988,992,1006,993,1000,999,1011,984,988,986,975,1001,984,972,982,975,960,959,983,984,959,983,1178,
,,,,,,,,,,,,,,,,,,,,,,,,,,,,,,,,,,,,,,,,,,,,,,,,,
NOISE_DATA_LIMITS,,,,,,,,,,,,,,,,,,,,,,,,,,,,,,,,,,,,,,,,,,,,,,,,,,,
,300,300,300,300,300,300,300,300,300,300,300,300,300,300,300,300,300,300,300,300,300,300,300,300,300,
,300,300,300,300,300,300,300,300,300,300,300,300,300,300,300,300,300,300,300,300,300,300,300,300,300,
,300,300,300,300,300,300,300,300,300,300,300,300,300,300,300,300,300,300,300,300,300,300,300,300,300,
,300,300,300,300,300,300,300,300,300,300,300,300,300,300,300,300,300,300,300,300,300,300,300,300,300,
,300,300,300,300,300,300,300,300,300,300,300,300,300,300,300,300,300,300,300,300,300,300,300,300,300,
,300,300,300,300,300,300,300,300,300,300,300,300,300,300,300,300,300,300,300,300,300,300,300,300,300,
,300,300,300,300,300,300,300,300,300,300,300,300,300,300,300,300,300,300,300,300,300,300,300,300,300,
,300,300,300,300,300,300,300,300,300,300,300,300,300,300,300,300,300,300,300,300,300,300,300,300,300,
,300,300,300,300,300,300,300,300,300,300,300,300,300,300,300,300,300,300,300,300,300,300,300,300,300,
,300,300,300,300,300,300,300,300,300,300,300,300,300,300,300,300,300,300,300,300,300,300,300,300,300,
,300,300,300,300,300,300,300,300,300,300,300,300,300,300,300,300,300,300,300,300,300,300,300,300,300,
,300,300,300,300,300,300,300,300,300,300,300,300,300,300,300,300,300,300,300,300,300,300,300,300,300,
,300,300,300,300,300,300,300,300,300,300,300,300,300,300,300,300,300,300,300,300,300,300,300,300,300,
,300,300,300,300,300,300,300,300,300,300,300,300,300,300,300,300,300,300,300,300,300,300,300,300,300,
,300,300,300,300,300,300,300,300,300,300,300,300,300,300,300,300,300,300,300,300,300,300,300,300,300,
,300,300,300,300,300,300,300,300,300,300,300,300,300,300,300,300,300,300,300,300,300,300,300,300,300,
,300,300,300,300,300,300,300,300,300,300,300,300,300,300,300,300,300,300,300,300,300,300,300,300,300,
,300,300,300,300,300,300,300,300,300,300,300,300,300,300,300,300,300,300,300,300,300,300,300,300,300,
,300,300,300,300,300,300,300,300,300,300,300,300,300,300,300,300,300,300,300,300,300,300,300,300,300,
,300,300,300,300,300,300,300,300,300,300,300,300,300,300,300,300,300,300,300,300,300,300,300,300,300,
,300,300,300,300,300,300,300,300,300,300,300,300,300,300,300,300,300,300,300,300,300,300,300,300,300,
,300,300,300,300,300,300,300,300,300,300,300,300,300,300,300,300,300,300,300,300,300,300,300,300,300,
,300,300,300,300,300,300,300,300,300,300,300,300,300,300,300,300,300,300,300,300,300,300,300,300,300,
,300,300,300,300,300,300,300,300,300,300,300,300,300,300,300,300,300,300,300,300,300,300,300,300,300,
,300,300,300,300,300,300,300,300,300,300,300,300,300,300,300,300,300,300,300,300,300,300,300,300,300,
,300,300,300,300,300,300,300,300,300,300,300,300,300,300,300,300,300,300,300,300,300,300,300,300,300,
,300,300,300,300,300,300,300,300,300,300,300,300,300,300,300,300,300,300,300,300,300,300,300,300,300,
,300,300,300,300,300,300,300,300,300,300,300,300,300,300,300,300,300,300,300,300,300,300,300,300,300,
,300,300,300,300,300,300,300,300,300,300,300,300,300,300,300,300,300,300,300,300,300,300,300,300,300,
,300,300,300,300,300,300,300,300,300,300,300,300,300,300,300,300,300,300,300,300,300,300,300,300,300,
,300,300,300,300,300,300,300,300,300,300,300,300,300,300,300,300,300,300,300,300,300,300,300,300,300,
,300,300,300,300,300,300,300,300,300,300,300,300,300,300,300,300,300,300,300,300,300,300,300,300,300,
,300,300,300,300,300,300,300,300,300,300,300,300,300,300,300,300,300,300,300,300,300,300,300,300,300,
,300,300,300,300,300,300,300,300,300,300,300,300,300,300,300,300,300,300,300,300,300,300,300,300,300,
,300,300,300,300,300,300,300,300,300,300,300,300,300,300,300,300,300,300,300,300,300,300,300,300,300,
,300,300,300,300,300,300,300,300,300,300,300,300,300,300,300,300,300,300,300,300,300,300,300,300,300,
,300,300,300,300,300,300,300,300,300,300,300,300,300,300,300,300,300,300,300,300,300,300,300,300,300,
,300,300,300,300,300,300,300,300,300,300,300,300,300,300,300,300,300,300,300,300,300,300,300,300,300,
,300,300,300,300,300,300,300,300,300,300,300,300,300,300,300,300,300,300,300,300,300,300,300,300,300,
RAWDATA_MIN_MAX_DELTA_LIMITS,3000,,,,,,,,,,,,,,,,,,,,,,,,,,,,,,,,,,,,,,,,,,,,,,,,
