REAL_X,58,,,,,,,,,,,,,,,,,,,,,,,,,,,,,,,,,,,,,,,,,,,,,,,,,,,,,,,,,,,,,,,,,,,,,,,
REAL_Y,37,,,,,,,,,,,,,,,,,,,,,,,,,,,,,,,,,,,,,,,,,,,,,,,,,,,,,,,,,,,,,,,,,,,,,,,
AVERAGE_COUNT,1,,,,,,,,,,,,,,,,,,,,,,,,,,,,,,,,,,,,,,,,,,,,,,,,,,,,,,,,,,,,,,,,,,,,,,,
ACTUAL_DATA_IGNORE_TOP,2,,,,,,,,,,,,,,,,,,,,,,,,,,,,,,,,,,,,,,,,,,,,,,,,,,,,,,,,,,,,,,,,,,,,,,,
ACTUAL_DATA_IGNORE_BOTTOM,4,,,,,,,,,,,,,,,,,,,,,,,,,,,,,,,,,,,,,,,,,,,,,,,,,,,,,,,,,,,,,,,,,,,,,,,
ACTUAL_DATA_IGNORE_LEFT,2,,,,,,,,,,,,,,,,,,,,,,,,,,,,,,,,,,,,,,,,,,,,,,,,,,,,,,,,,,,,,,,,,,,,,,,
ACTUAL_DATA_IGNORE_RIGHT,2,,,,,,,,,,,,,,,,,,,,,,,,,,,,,,,,,,,,,,,,,,,,,,,,,,,,,,,,,,,,,,,,,,,,,,,
ACTUAL_DATA_LIMIT,5000,,,,,,,,,,,,,,,,,,,,,,,,,,,,,,,,,,,,,,,,,,,,,,,,,,,,,,,,,,,,,,,,,,,,,,,
RAW_DATA_LIMIT,,,,,,,,,,,,,,,,,,,,,,,,,,,,,,,,,,,,,,,,,,,,,,,,,,,,,,,,,,,
,1450,1526,1543,1544,1550,1547,1559,1547,1528,1485,1495,1537,1511,1532,1539,1505,1531,1543,1523,1520,1560,1557,1577,1561,1550,1557,1568,1567,1570,1579,1550,1545,1546,1544,1578,1540,1559,1563,1565,1558,1560,1540,1574,1570,1572,1577,1586,1586,1600,1589,1615,1604,1596,1587,1608,1579,1577,1451,,,
,1758,1818,1826,1829,1856,1839,1834,1819,1830,1856,1851,1846,1888,1883,1896,1896,1898,1915,1904,1901,1916,1921,1962,1945,1945,1945,1951,1937,1972,1949,1923,1949,1960,1934,1965,1952,1950,1968,1951,1947,1940,1941,1954,1947,1975,1947,1961,1939,1961,1943,1936,1896,1933,1892,1908,1851,1830,1670,,,
,1652,1749,1779,1781,1810,1794,1796,1783,1776,1797,1811,1819,1845,1838,1833,1851,1857,1852,1867,1883,1876,1896,1942,1921,1907,1904,1905,1910,1896,1921,1917,1916,1907,1901,1915,1916,1918,1924,1915,1912,1910,1896,1901,1885,1904,1897,1903,1892,1910,1892,1886,1851,1873,1834,1867,1808,1784,1613,,,
,1610,1677,1721,1718,1741,1731,1743,1730,1713,1755,1770,1772,1806,1786,1814,1832,1817,1836,1833,1838,1851,1852,1888,1878,1874,1884,1880,1863,1879,1876,1886,1876,1886,1884,1887,1867,1874,1874,1856,1854,1849,1844,1871,1865,1872,1864,1861,1843,1859,1826,1839,1802,1833,1788,1813,1756,1734,1574,,,
,1545,1618,1650,1655,1674,1657,1667,1661,1670,1687,1681,1693,1724,1714,1719,1746,1728,1748,1743,1754,1774,1774,1806,1779,1784,1777,1780,1766,1772,1768,1751,1772,1772,1766,1788,1777,1758,1768,1762,1749,1759,1750,1779,1776,1791,1775,1769,1764,1780,1749,1763,1726,1757,1714,1731,1699,1678,1519,,,
,1501,1571,1598,1611,1622,1623,1629,1600,1607,1642,1627,1642,1673,1674,1672,1685,1669,1656,1676,1668,1673,1677,1721,1711,1690,1689,1698,1705,1701,1702,1697,1706,1704,1697,1718,1715,1709,1716,1705,1695,1711,1696,1721,1714,1735,1726,1727,1727,1728,1688,1721,1679,1702,1675,1695,1651,1637,1492,,,
,1469,1536,1564,1572,1573,1576,1585,1559,1558,1579,1588,1596,1620,1634,1617,1636,1616,1623,1634,1623,1631,1633,1655,1653,1638,1642,1652,1641,1648,1654,1639,1645,1661,1618,1651,1657,1646,1652,1640,1640,1661,1633,1655,1651,1662,1655,1661,1651,1667,1639,1660,1632,1660,1623,1637,1614,1596,1485,,,
,1450,1487,1507,1512,1508,1500,1514,1498,1511,1522,1519,1535,1548,1551,1543,1541,1537,1545,1549,1550,1547,1554,1584,1569,1564,1569,1576,1575,1585,1572,1563,1569,1567,1558,1575,1579,1560,1576,1566,1565,1575,1554,1577,1569,1580,1574,1590,1576,1596,1575,1575,1559,1587,1564,1579,1567,1552,1432,,,
,1383,1439,1447,1458,1465,1460,1455,1435,1444,1471,1460,1484,1489,1478,1489,1501,1475,1496,1492,1502,1504,1515,1543,1518,1531,1517,1536,1521,1508,1523,1513,1517,1527,1518,1530,1537,1523,1537,1531,1516,1534,1511,1530,1513,1526,1515,1520,1508,1529,1516,1517,1499,1522,1480,1526,1527,1506,1381,,,
,1372,1416,1429,1434,1426,1417,1438,1414,1418,1428,1421,1429,1454,1456,1451,1441,1441,1449,1464,1465,1478,1483,1508,1497,1505,1494,1489,1482,1485,1479,1467,1472,1479,1467,1486,1472,1469,1476,1477,1468,1483,1465,1469,1462,1468,1457,1469,1460,1481,1451,1454,1436,1459,1430,1463,1456,1462,1354,,,
,1364,1409,1411,1407,1420,1415,1430,1399,1403,1420,1407,1416,1451,1452,1464,1453,1431,1448,1459,1449,1449,1463,1483,1484,1497,1476,1501,1473,1470,1462,1455,1444,1482,1469,1501,1468,1466,1466,1449,1451,1448,1440,1455,1458,1448,1435,1438,1423,1457,1421,1423,1416,1438,1408,1432,1421,1426,1421,,,
,1312,1326,1334,1345,1325,1331,1341,1320,1322,1327,1324,1327,1340,1341,1330,1339,1426,1357,1365,1360,1371,1359,1375,1378,1388,1375,1399,1383,1384,1363,1377,1368,1387,1370,1377,1367,1359,1369,1361,1363,1371,1351,1347,1349,1342,1355,1355,1345,1360,1345,1347,1342,1358,1331,1369,1365,1428,1508,,,
,1268,1278,1291,1294,1291,1287,1302,1296,1296,1292,1302,1287,1302,1296,1299,1294,1311,1317,1334,1314,1320,1308,1323,1334,1334,1336,1330,1317,1344,1322,1331,1314,1329,1313,1332,1304,1298,1299,1316,1307,1319,1291,1292,1296,1306,1300,1314,1292,1325,1296,1295,1293,1306,1289,1333,1365,1486,1628,,,
,1259,1273,1271,1282,1289,1289,1293,1284,1280,1268,1268,1261,1268,1279,1279,1271,1275,1288,1290,1264,1292,1278,1286,1311,1316,1477,1309,1301,1289,1295,1297,1286,1303,1287,1302,1287,1276,1291,1271,1280,1301,1278,1286,1273,1272,1288,1276,1269,1292,1262,1263,1262,1282,1265,1318,1424,1527,1620,,,
,1222,1256,1245,1267,1350,1420,1375,1282,1251,1245,1240,1232,1243,1241,1259,1247,1243,1251,1250,1244,1270,1260,1265,1259,1280,1260,1269,1246,1254,1246,1256,1242,1267,1242,1249,1249,1245,1237,1231,1229,1235,1222,1254,1236,1226,1235,1230,1236,1254,1228,1238,1225,1245,1232,1254,1359,1495,1518,,,
,1251,1245,1282,1406,1470,1483,1425,1305,1243,1224,1233,1224,1235,1238,1246,1234,1232,1249,1419,1217,1235,1221,1237,1231,1241,1235,1242,1212,1232,1220,1219,1221,1248,1230,1225,1217,1218,1216,1205,1209,1211,1187,1212,1203,1211,1205,1210,1216,1228,1205,1212,1218,1240,1235,1246,1338,1666,1632,,,
,1280,1261,1402,1486,1470,1452,1383,1244,1209,1198,1208,1219,1210,1222,1222,1212,1202,1209,1221,1187,1206,1211,1211,1202,1206,1202,1211,1193,1198,1193,1188,1193,1197,1202,1215,1205,1193,1194,1198,1195,1194,1183,1198,1184,1181,1206,1195,1194,1204,1190,1205,1223,1406,1442,1417,1465,1673,1692,,,
,1289,1246,1350,1419,1415,1316,1223,1217,1198,1183,1184,1193,1196,1207,1212,1204,1189,1200,1210,1185,1202,1183,1185,1196,1195,1239,1191,1176,1193,1182,1172,1171,1187,1172,1181,1181,1187,1185,1196,1187,1181,1162,1173,1174,1177,1177,1174,1182,1198,1189,1196,1263,1451,1445,1465,1465,1609,1653,,,
,1258,1232,1238,1236,1230,1227,1226,1236,1220,1193,1199,1203,1207,1222,1217,1205,1195,1187,1226,1212,1233,1196,1215,1187,1189,1181,1184,1160,1175,1174,1156,1163,1175,1165,1179,1171,1190,1191,1196,1177,1165,1154,1162,1175,1163,1169,1181,1181,1196,1184,1194,1220,1379,1444,1419,1281,1442,1774,,,
,1229,1240,1244,1233,1239,1251,1233,1233,1219,1199,1215,1212,1213,1225,1222,1212,1211,1188,1188,1228,1214,1206,1198,1206,1200,1187,1193,1167,1178,1163,1162,1167,1172,1162,1188,1188,1197,1189,1192,1174,1174,1157,1180,1181,1180,1190,1189,1191,1208,1203,1188,1187,1201,1232,1205,1198,1246,1602,,,
,1223,1235,1245,1242,1254,1247,1249,1243,1221,1201,1209,1221,1199,1228,1228,1219,1204,1200,1196,1189,1214,1210,1207,1225,1194,1197,1219,1197,1211,1455,1188,1179,1187,1179,1197,1200,1202,1210,1203,1198,1201,1189,1197,1204,1194,1204,1206,1197,1217,1207,1204,1210,1215,1202,1216,1213,1222,1249,,,
,1238,1246,1250,1255,1255,1252,1246,1235,1223,1199,1213,1233,1222,1237,1244,1227,1231,1238,1215,1206,1241,1233,1248,1239,1227,1232,1236,1215,1231,1214,1211,1198,1202,1198,1223,1196,1212,1217,1223,1214,1217,1209,1214,1218,1221,1223,1232,1223,1233,1224,1229,1226,1238,1234,1238,1239,1245,1215,,,
,1247,1261,1247,1249,1261,1253,1250,1248,1225,1213,1215,1234,1251,1238,1246,1230,1227,1233,1231,1232,1256,1249,1253,1236,1244,1239,1256,1238,1241,1239,1235,1217,1219,1208,1229,1218,1232,1239,1248,1240,1239,1234,1245,1246,1241,1248,1252,1249,1264,1259,1254,1259,1255,1264,1271,1258,1268,1238,,,
,1290,1301,1318,1312,1323,1320,1302,1293,1276,1265,1278,1289,1280,1289,1301,1284,1309,1294,1463,1313,1322,1333,1334,1323,1313,1322,1337,1327,1313,1317,1307,1302,1309,1301,1316,1304,1315,1316,1319,1323,1324,1312,1329,1326,1328,1330,1321,1316,1344,1323,1330,1321,1330,1321,1325,1336,1338,1274,,,
,1292,1327,1342,1342,1344,1340,1323,1318,1311,1304,1314,1331,1320,1320,1344,1328,1336,1338,1340,1336,1351,1364,1384,1368,1351,1364,1375,1359,1349,1355,1354,1352,1354,1356,1354,1363,1367,1369,1366,1358,1354,1345,1374,1364,1369,1368,1369,1372,1396,1378,1384,1368,1378,1362,1381,1371,1388,1305,,,
,1325,1344,1356,1355,1362,1358,1337,1339,1323,1316,1330,1345,1350,1353,1412,1353,1361,1341,1365,1364,1368,1392,1418,1391,1406,1407,1416,1404,1393,1399,1382,1394,1390,1403,1406,1394,1401,1408,1403,1395,1405,1391,1404,1407,1398,1405,1404,1408,1427,1417,1434,1401,1418,1404,1430,1406,1423,1328,,,
,1367,1367,1381,1373,1382,1381,1359,1356,1353,1353,1362,1379,1370,1376,1401,1386,1388,1403,1403,1397,1406,1410,1426,1439,1440,1456,1463,1436,1443,1446,1437,1417,1431,1428,1437,1418,1415,1418,1431,1415,1433,1408,1439,1432,1433,1436,1433,1446,1465,1463,1476,1447,1449,1428,1458,1455,1476,1365,,,
,1381,1393,1399,1406,1425,1406,1401,1406,1389,1367,1380,1391,1393,1399,1418,1493,1419,1433,1436,1432,1442,1439,1455,1459,1472,1471,1480,1471,1469,1472,1453,1443,1438,1449,1457,1439,1444,1456,1466,1453,1459,1439,1465,1460,1464,1471,1473,1480,1491,1450,1424,1464,1482,1458,1485,1476,1502,1390,,,
,1413,1419,1439,1442,1460,1451,1452,1446,1446,1434,1428,1449,1446,1461,1467,1452,1475,1482,1492,1473,1478,1496,1514,1512,1523,1533,1527,1528,1528,1527,1513,1493,1510,1518,1547,1516,1514,1481,1518,1511,1529,1512,1542,1536,1532,1533,1538,1548,1564,1552,1564,1524,1526,1506,1544,1541,1556,1409,,,
,1452,1461,1480,1493,1519,1512,1502,1507,1501,1482,1491,1525,1515,1511,1533,1510,1540,1551,1544,1529,1537,1547,1574,1578,1594,1593,1599,1587,1578,1607,1585,1573,1587,1591,1581,1581,1582,1583,1586,1579,1586,1565,1597,1587,1598,1587,1592,1592,1620,1595,1610,1580,1579,1547,1578,1582,1573,1437,,,
,1499,1499,1531,1532,1553,1554,1551,1560,1555,1572,1522,1583,1587,1589,1613,1584,1611,1616,1615,1614,1615,1639,1658,1669,1680,1678,1680,1669,1676,1680,1653,1643,1656,1660,1678,1666,1670,1659,1659,1657,1664,1653,1671,1669,1661,1666,1669,1669,1691,1649,1679,1642,1647,1603,1637,1617,1636,1462,,,
,1518,1520,1533,1541,1564,1568,1585,1589,1593,1610,1604,1602,1629,1641,1651,1629,1661,1660,1662,1665,1662,1640,1691,1710,1707,1707,1730,1702,1693,1731,1698,1687,1696,1694,1710,1698,1694,1699,1719,1700,1708,1693,1702,1688,1698,1697,1700,1705,1714,1698,1714,1684,1678,1647,1657,1617,1614,1473,,,
,1579,1558,1574,1590,1617,1623,1629,1633,1644,1650,1679,1687,1704,1708,1698,1701,1742,1745,1751,1739,1752,1773,1803,1803,1812,1805,1722,1786,1798,1827,1795,1792,1807,1792,1806,1793,1795,1803,1810,1778,1796,1768,1776,1777,1774,1757,1765,1758,1768,1743,1781,1742,1735,1693,1721,1663,1695,1507,,,
,1657,1639,1670,1695,1713,1714,1725,1741,1734,1745,1762,1785,1813,1811,1837,1846,1839,1841,1874,1850,1857,1896,1922,1938,1942,1948,1945,1931,1949,1963,1940,1942,1959,1944,1954,1940,1946,1920,1923,1905,1904,1878,1895,1890,1880,1869,1865,1861,1873,1843,1865,1833,1826,1788,1785,1733,1736,1566,,,
,1660,1712,1743,1757,1786,1796,1802,1818,1829,1845,1862,1879,1913,1916,1919,1921,1924,1929,1918,1929,1943,1974,2007,2020,2031,2034,2036,2027,2030,2051,2032,2033,2041,2052,2070,2048,2056,2018,2021,1996,2000,1967,1998,1984,1976,1958,1968,1968,1984,1945,1965,1912,1930,1875,1903,1835,1880,1641,,,
,1719,1801,1842,1865,1886,1890,1895,1900,1908,1928,1940,1974,1994,1996,2015,2004,2016,2022,2012,1995,2047,2074,2116,2127,2127,2134,2145,2109,2118,2116,2118,2123,2131,2138,2147,2129,2140,2112,2108,2089,2080,2040,2077,2087,2070,2045,2052,2051,2058,2038,2038,1987,2006,1956,1973,1915,1906,1701,,,
,1440,1498,1509,1502,1514,1502,1519,1503,1498,1495,1500,1520,1529,1526,1537,1534,1522,1546,1551,1532,1561,1555,1591,1588,1588,1570,1560,1514,1530,1506,1494,1517,1533,1492,1525,1508,1496,1492,1481,1476,1478,1460,1497,1490,1490,1488,1514,1486,1523,1491,1519,1498,1543,1498,1559,1495,1514,1428,,,
,,,,,,,,,,,,,,,,,,,,,,,,,,,,,,,,,,,,,,,,,,,,,,,,,,,,,,,,,,,,,,,,,,,,,,,,,,,,,,,,,,,,,,,,,,,,,,,,,,,,,,,,,,,,,,,,,,,,,,,,,,,,,,,
RAW_DATA_REFERENCE,,,,,,,,,,,,,,,,,,,,,,,,,,,,,,,,,,,,,,,,,,,,,,,,,,,,,,,,,,,,,,,,,,,,,,,,,,,,,,,,,,,,,,,,,,,,,,,,,,,,,,,,,,,,,
,-3476,-4525,-4720,-4759,-4787,-4769,-4846,-4809,-4852,-4946,-4989,-5025,-5052,-5011,-5076,-5031,-5035,-5031,-5031,-4942,-5099,-5097,-5183,-5127,-5125,-5089,-5126,-5054,-5083,-5064,-5038,-5085,-5101,-5052,-5098,-5038,-5027,-5018,-5001,-4938,-4974,-4901,-5000,-4987,-4960,-4929,-4973,-4887,-4970,-4877,-4951,-4854,-4932,-4775,-4900,-4697,-4642,-3527,,,
,2444,2087,2113,2122,2140,2138,2177,2164,2194,2242,2270,2294,2310,2266,2336,2310,2342,2340,2351,2328,2395,2403,2447,2421,2424,2409,2422,2386,2398,2386,2364,2393,2404,2378,2395,2367,2364,2356,2349,2318,2330,2300,2344,2335,2325,2305,2324,2284,2315,2270,2299,2244,2278,2202,2251,2169,2181,2276,,,
,2090,1935,1972,1982,1997,1995,2037,2031,2055,2091,2119,2142,2158,2150,2178,2170,2189,2186,2200,2181,2234,2239,2282,2255,2258,2244,2260,2232,2224,2232,2228,2233,2241,2218,2237,2212,2211,2204,2200,2174,2183,2153,2182,2169,2171,2157,2173,2139,2162,2126,2152,2103,2131,2065,2106,2032,2040,2112,,,
,2070,1937,1978,1990,2005,2001,2040,2031,2053,2098,2125,2144,2163,2151,2182,2176,2183,2185,2193,2174,2240,2238,2282,2257,2252,2240,2253,2222,2232,2224,2214,2229,2236,2215,2233,2206,2204,2196,2187,2160,2173,2144,2179,2173,2164,2149,2165,2127,2154,2117,2140,2092,2119,2051,2090,2012,2019,2066,,,
,2080,1972,2014,2027,2043,2039,2078,2067,2090,2132,2159,2179,2198,2189,2219,2205,2220,2217,2227,2208,2266,2270,2313,2284,2284,2272,2284,2252,2263,2257,2238,2256,2264,2243,2260,2237,2232,2224,2217,2190,2201,2169,2208,2200,2190,2174,2190,2153,2182,2142,2168,2118,2147,2078,2120,2038,2043,2076,,,
,2182,2053,2092,2106,2122,2113,2157,2148,2173,2206,2230,2250,2263,2257,2287,2274,2290,2287,2302,2277,2325,2334,2373,2344,2345,2332,2348,2321,2334,2327,2315,2323,2331,2308,2323,2302,2298,2290,2290,2263,2274,2242,2276,2267,2259,2242,2262,2223,2255,2213,2240,2193,2223,2151,2197,2116,2119,2145,,,
,2162,2049,2092,2104,2120,2112,2153,2142,2166,2202,2225,2247,2261,2253,2284,2269,2279,2281,2289,2264,2322,2330,2368,2341,2338,2323,2337,2306,2318,2309,2298,2311,2321,2279,2311,2288,2282,2276,2269,2244,2254,2222,2262,2250,2241,2225,2242,2203,2237,2192,2220,2169,2199,2125,2171,2088,2088,2108,,,
,2169,2058,2098,2111,2127,2118,2155,2143,2167,2209,2229,2249,2266,2255,2284,2269,2276,2276,2287,2259,2320,2327,2368,2334,2338,2323,2334,2298,2312,2300,2291,2308,2315,2291,2308,2285,2276,2267,2262,2234,2246,2210,2256,2247,2235,2219,2234,2197,2233,2186,2213,2162,2190,2117,2162,2080,2079,2083,,,
,2203,2118,2160,2172,2192,2182,2220,2208,2234,2273,2291,2311,2323,2303,2342,2326,2333,2333,2341,2319,2372,2383,2423,2391,2393,2373,2386,2352,2364,2358,2346,2360,2369,2343,2362,2337,2329,2319,2321,2289,2299,2269,2311,2299,2286,2269,2287,2244,2284,2238,2267,2215,2244,2170,2218,2134,2134,2129,,,
,2170,2080,2120,2134,2150,2141,2177,2163,2186,2228,2248,2265,2277,2267,2297,2276,2283,2283,2293,2262,2330,2328,2366,2339,2336,2317,2333,2297,2309,2301,2290,2306,2311,2287,2309,2283,2278,2269,2264,2233,2245,2212,2255,2244,2233,2216,2233,2196,2227,2183,2209,2159,2186,2114,2159,2074,2078,2071,,,
,2154,2095,2138,2153,2168,2161,2200,2183,2207,2249,2270,2288,2303,2288,2308,2298,2304,2304,2311,2284,2350,2346,2386,2358,2356,2337,2349,2313,2327,2318,2305,2318,2330,2306,2328,2299,2293,2286,2280,2250,2261,2229,2269,2262,2249,2232,2246,2206,2237,2194,2219,2173,2200,2130,2173,2088,2087,2063,,,
,2154,2087,2128,2140,2155,2146,2185,2174,2194,2228,2248,2263,2277,2261,2288,2271,2264,2285,2294,2263,2319,2313,2352,2324,2321,2302,2323,2292,2304,2299,2286,2291,2300,2279,2299,2270,2267,2264,2260,2231,2246,2212,2242,2235,2227,2214,2229,2192,2219,2181,2204,2162,2188,2120,2163,2080,2081,2048,,,
,2118,2075,2121,2132,2146,2137,2171,2158,2177,2218,2237,2252,2268,2249,2276,2258,2262,2266,2275,2239,2306,2298,2337,2305,2302,2287,2304,2271,2284,2274,2262,2274,2280,2259,2276,2247,2243,2238,2235,2205,2218,2184,2223,2214,2206,2190,2206,2169,2197,2156,2182,2138,2164,2095,2137,2055,2055,2009,,,
,2117,2071,2115,2127,2138,2129,2161,2144,2162,2209,2230,2246,2259,2240,2266,2245,2250,2250,2255,2221,2300,2287,2323,2295,2286,2243,2285,2254,2259,2253,2241,2259,2264,2249,2264,2233,2230,2224,2213,2184,2200,2167,2210,2204,2191,2176,2190,2151,2183,2141,2168,2121,2146,2076,2120,2033,2037,1990,,,
,2117,2095,2144,2154,2166,2155,2184,2169,2188,2237,2257,2273,2284,2267,2296,2276,2278,2278,2281,2244,2323,2308,2343,2316,2307,2299,2307,2277,2285,2275,2262,2282,2286,2268,2286,2256,2253,2246,2237,2207,2220,2188,2234,2228,2215,2199,2213,2176,2206,2164,2190,2144,2169,2099,2141,2058,2058,2007,,,
,2151,2118,2168,2175,2188,2178,2210,2197,2219,2262,2283,2299,2309,2293,2319,2300,2308,2307,2287,2268,2338,2332,2363,2334,2330,2312,2329,2298,2311,2299,2287,2302,2311,2289,2306,2277,2271,2266,2256,2230,2246,2212,2252,2245,2233,2220,2236,2197,2228,2185,2213,2168,2192,2121,2168,2082,2071,2007,,,
,2155,2133,2184,2194,2206,2196,2232,2219,2240,2277,2298,2311,2321,2305,2333,2312,2322,2326,2329,2286,2348,2342,2378,2346,2343,2326,2340,2314,2329,2317,2304,2315,2324,2303,2322,2293,2287,2283,2273,2249,2262,2231,2268,2261,2250,2238,2254,2217,2248,2207,2237,2190,2215,2142,2191,2106,2101,2036,,,
,2173,2143,2191,2204,2215,2209,2246,2233,2254,2287,2305,2320,2329,2316,2341,2321,2334,2338,2338,2302,2353,2349,2386,2352,2353,2327,2351,2326,2342,2331,2320,2328,2337,2316,2333,2306,2300,2296,2285,2264,2281,2248,2286,2274,2266,2252,2270,2233,2262,2222,2252,2206,2233,2164,2210,2127,2123,2050,,,
,2141,2147,2203,2213,2230,2222,2252,2238,2258,2298,2319,2329,2342,2329,2357,2338,2345,2344,2349,2300,2359,2364,2393,2367,2367,2346,2364,2336,2348,2335,2325,2340,2346,2324,2341,2313,2301,2299,2292,2266,2283,2251,2294,2285,2270,2257,2272,2236,2268,2224,2254,2211,2235,2165,2214,2134,2122,2025,,,
,2123,2122,2176,2189,2200,2190,2220,2202,2220,2266,2286,2300,2310,2293,2325,2301,2306,2303,2303,2260,2333,2328,2362,2332,2326,2311,2325,2295,2305,2295,2280,2303,2306,2284,2301,2272,2264,2259,2251,2227,2242,2210,2259,2247,2236,2222,2237,2198,2230,2186,2219,2173,2203,2131,2181,2097,2096,1974,,,
,2110,2149,2206,2217,2232,2221,2252,2234,2254,2300,2319,2330,2341,2325,2359,2335,2339,2337,2335,2292,2362,2358,2391,2350,2359,2340,2355,2325,2336,2294,2311,2333,2337,2314,2332,2305,2298,2292,2286,2262,2274,2246,2292,2281,2268,2252,2271,2234,2264,2219,2250,2208,2240,2169,2216,2136,2132,1977,,,
,2078,2125,2182,2192,2203,2192,2226,2205,2224,2273,2291,2302,2310,2297,2328,2303,2308,2301,2306,2260,2334,2327,2360,2331,2328,2309,2325,2295,2308,2299,2285,2307,2313,2288,2307,2282,2273,2268,2261,2235,2250,2220,2267,2257,2243,2230,2246,2210,2241,2197,2230,2187,2218,2147,2197,2115,2116,2002,,,
,2069,2145,2204,2214,2227,2216,2252,2232,2253,2294,2313,2322,2326,2320,2352,2331,2332,2329,2331,2287,2352,2353,2385,2354,2354,2335,2350,2320,2333,2325,2310,2333,2341,2315,2332,2308,2303,2297,2290,2263,2279,2249,2291,2282,2270,2258,2275,2238,2271,2229,2263,2218,2250,2180,2233,2152,2155,2027,,,
,2048,2132,2188,2198,2209,2200,2234,2215,2236,2276,2295,2307,2320,2303,2335,2315,2316,2313,2284,2269,2338,2335,2368,2337,2337,2320,2334,2303,2320,2306,2294,2313,2321,2296,2314,2291,2286,2284,2279,2250,2264,2236,2279,2266,2255,2245,2264,2227,2262,2219,2252,2208,2241,2172,2227,2146,2148,2004,,,
,2001,2110,2161,2170,2181,2172,2203,2186,2203,2246,2266,2280,2291,2277,2310,2286,2290,2283,2285,2244,2319,2305,2339,2311,2312,2298,2307,2275,2289,2277,2264,2286,2295,2273,2288,2264,2263,2259,2251,2222,2238,2208,2253,2245,2236,2223,2240,2204,2238,2195,2230,2185,2218,2149,2206,2127,2135,1966,,,
,1998,2103,2153,2162,2171,2161,2196,2173,2193,2235,2254,2270,2280,2265,2288,2277,2280,2268,2275,2236,2307,2297,2327,2305,2300,2290,2302,2270,2282,2268,2257,2280,2285,2266,2285,2260,2257,2251,2244,2215,2231,2202,2247,2239,2229,2216,2233,2197,2232,2190,2223,2181,2214,2145,2199,2124,2126,1952,,,
,1953,2086,2138,2147,2152,2143,2182,2166,2183,2215,2232,2244,2256,2242,2272,2257,2265,2260,2263,2221,2278,2271,2303,2276,2275,2259,2283,2257,2263,2258,2247,2262,2269,2246,2270,2248,2245,2245,2239,2212,2229,2198,2233,2226,2222,2209,2229,2196,2227,2191,2222,2184,2221,2154,2212,2131,2140,1942,,,
,1956,2097,2150,2157,2165,2156,2188,2174,2194,2230,2248,2263,2276,2262,2293,2262,2280,2276,2279,2239,2302,2298,2331,2302,2301,2284,2302,2270,2285,2272,2266,2282,2289,2267,2287,2264,2262,2257,2253,2225,2242,2214,2250,2246,2236,2224,2243,2209,2241,2201,2234,2199,2233,2169,2223,2147,2144,1931,,,
,1915,2097,2153,2158,2165,2156,2184,2168,2186,2226,2246,2261,2272,2261,2290,2266,2275,2270,2273,2234,2297,2295,2330,2303,2302,2286,2298,2267,2282,2272,2263,2284,2292,2270,2290,2267,2264,2256,2253,2226,2243,2213,2255,2250,2240,2229,2252,2214,2254,2216,2254,2213,2251,2185,2247,2164,2179,1927,,,
,1888,2087,2146,2150,2157,2144,2176,2161,2179,2214,2233,2249,2260,2250,2277,2262,2267,2263,2264,2227,2284,2282,2320,2295,2294,2279,2295,2263,2278,2261,2257,2277,2287,2264,2288,2264,2263,2259,2254,2225,2243,2214,2252,2249,2239,2229,2252,2218,2258,2220,2255,2219,2258,2196,2255,2179,2179,1913,,,
,1853,2091,2149,2152,2158,2144,2178,2163,2180,2211,2225,2245,2255,2246,2273,2256,2267,2260,2261,2223,2281,2279,2313,2289,2289,2274,2293,2265,2282,2271,2265,2278,2286,2263,2290,2268,2266,2264,2259,2234,2250,2223,2258,2256,2252,2244,2265,2233,2271,2240,2281,2241,2289,2225,2299,2217,2248,1936,,,
,1789,2048,2107,2111,2113,2101,2131,2114,2129,2166,2187,2200,2213,2196,2227,2211,2215,2211,2212,2177,2244,2239,2278,2255,2254,2242,2256,2226,2238,2228,2219,2242,2249,2229,2253,2229,2227,2225,2216,2190,2207,2180,2225,2220,2216,2208,2230,2198,2238,2204,2243,2206,2249,2190,2253,2187,2193,1881,,,
,1727,2047,2109,2114,2117,2101,2134,2119,2136,2168,2187,2201,2212,2199,2228,2209,2219,2212,2211,2178,2236,2233,2273,2251,2251,2234,2238,2229,2244,2235,2227,2241,2249,2230,2254,2228,2228,2226,2222,2198,2214,2193,2237,2230,2229,2222,2251,2218,2262,2227,2274,2235,2292,2226,2316,2237,2289,1898,,,
,1681,2032,2094,2095,2096,2083,2114,2097,2118,2145,2167,2183,2190,2177,2207,2190,2197,2191,2194,2161,2216,2212,2252,2227,2228,2216,2235,2209,2222,2216,2210,2222,2231,2213,2236,2213,2210,2210,2210,2185,2204,2183,2222,2223,2221,2213,2241,2211,2251,2223,2264,2230,2280,2229,2302,2245,2263,1883,,,
,1644,2003,2066,2062,2060,2047,2075,2054,2074,2106,2126,2139,2149,2134,2167,2148,2155,2151,2146,2113,2179,2174,2212,2191,2188,2179,2196,2172,2182,2176,2161,2186,2195,2176,2200,2175,2177,2180,2177,2155,2171,2151,2195,2194,2196,2189,2221,2189,2235,2206,2262,2220,2292,2225,2340,2265,2361,1883,,,
,1891,2268,2327,2315,2315,2295,2324,2305,2325,2363,2382,2395,2404,2388,2416,2397,2397,2385,2381,2337,2410,2420,2466,2445,2447,2435,2457,2428,2443,2435,2429,2456,2470,2446,2473,2449,2446,2446,2446,2424,2445,2420,2478,2478,2472,2467,2497,2465,2516,2487,2540,2506,2568,2514,2614,2563,2603,2167,,,
,-3505,-3750,-3951,-4037,-4112,-4135,-4235,-4233,-4304,-4420,-4495,-4560,-4622,-4622,-4728,-4731,-4788,-4847,-4933,-4984,-5082,-4980,-4991,-4878,-4825,-4744,-4739,-4641,-4641,-4595,-4545,-4561,-4557,-4492,-4513,-4444,-4416,-4383,-4350,-4273,-4282,-4209,-4278,-4257,-4217,-4178,-4189,-4104,-4134,-4039,-4047,-3946,-3933,-3789,-3765,-3576,-3294,-2967,,,
,,,,,,,,,,,,,,,,,,,,,,,,,,,,,,,,,,,,,,,,,,,,,,,,,,,,,,,,,,,,,,,,,,,,,,,,,,,,,,,,,,,,
GAP_HORIZONTAL,,,,,,,,,,,,,,,,,,,,,,,,,,,,,,,,,,,,,,,,,,,,,,,,,,,,,,,,,,,,,,,,,,,,,,,,
,967,916,915,932,927,914,901,921,943,908,929,937,927,918,933,926,925,944,912,922,917,920,909,913,925,928,913,911,940,920,912,928,907,920,924,905,904,912,915,912,910,921,922,909,907,935,919,920,933,908,914,923,916,911,927,919,957,,,
,968,878,881,884,889,880,875,878,893,883,877,888,1096,1094,988,994,877,877,886,879,872,883,876,881,878,876,878,882,884,920,915,886,881,881,888,885,876,875,870,875,877,878,878,888,872,874,883,881,876,870,881,889,877,878,890,880,941,,,
,940,896,885,880,880,880,872,877,884,874,873,877,910,929,900,876,895,896,881,874,874,877,873,879,877,876,874,949,987,882,878,876,870,870,874,873,872,870,872,868,871,877,896,890,866,873,879,871,888,887,874,879,880,872,884,884,942,,,
,935,879,873,877,900,893,873,877,900,872,880,881,873,874,883,882,875,877,876,879,871,873,872,875,881,872,876,882,874,868,878,870,870,874,881,881,869,875,871,871,873,873,875,881,879,880,876,879,879,874,879,886,880,877,889,874,932,,,
,926,873,881,882,874,868,864,887,893,872,873,878,866,868,885,875,872,878,875,884,875,873,877,878,877,876,881,884,877,873,880,879,871,870,884,873,874,877,874,866,870,876,884,883,870,873,875,876,876,874,878,885,879,874,881,882,931,,,
,946,875,879,894,895,878,872,902,925,885,871,881,906,908,890,889,885,881,881,883,876,882,886,898,887,883,877,886,890,877,884,900,890,873,904,889,874,873,880,879,876,879,892,900,880,880,876,882,887,883,880,887,880,884,903,899,931,,,
,938,881,874,886,890,877,873,886,895,880,877,874,894,903,891,883,880,880,878,896,887,889,883,887,883,880,871,884,889,877,877,892,1010,1005,895,888,880,877,876,875,871,886,888,889,877,881,882,883,884,873,877,883,875,880,890,890,940,,,
,922,880,877,885,886,871,867,879,885,870,874,875,906,901,891,876,872,876,872,885,880,871,894,890,887,888,869,876,879,874,875,888,878,866,890,882,874,872,876,870,876,889,882,898,872,879,881,879,884,876,873,882,879,880,873,890,925,,,
,938,874,875,893,903,888,876,897,910,892,878,881,940,935,887,887,881,892,885,893,883,888,881,900,895,886,878,890,898,892,891,899,893,874,917,904,871,878,885,884,880,886,900,903,875,889,886,890,889,874,879,877,888,886,911,907,941,,,
,935,875,873,883,877,876,876,874,879,873,876,876,880,888,885,882,876,876,877,879,875,872,873,880,877,877,870,873,886,900,876,893,873,873,877,873,910,895,872,877,869,877,877,875,867,876,877,883,879,873,870,873,877,874,886,894,928,,,
,911,873,874,878,877,870,871,867,885,873,884,882,888,898,906,874,867,874,877,877,876,886,871,880,881,880,879,874,876,876,898,901,874,881,887,882,878,889,878,875,865,873,874,876,873,881,876,885,877,868,862,879,875,874,884,900,1036,,,
,897,875,874,881,877,869,865,875,884,869,870,874,878,883,877,991,975,886,872,877,878,869,877,869,871,880,873,881,878,875,873,879,877,878,895,876,898,880,884,884,884,875,876,880,875,878,875,877,896,887,863,879,877,877,891,982,1084,,,
,893,877,874,877,872,870,869,869,883,879,891,879,882,867,877,886,890,918,900,883,872,871,874,875,872,880,878,909,973,893,873,868,872,874,883,873,874,905,894,929,945,874,875,882,905,893,877,878,882,872,869,877,871,910,915,1043,1157,,,
,897,877,865,890,906,871,876,883,893,871,871,875,887,889,884,885,877,915,896,885,885,871,881,875,1065,1053,886,913,923,902,890,891,878,868,895,892,883,874,873,949,987,908,887,884,874,872,879,881,877,868,866,871,875,918,1010,987,1122,,,
,901,877,901,986,929,899,969,903,894,870,880,881,880,880,878,871,872,904,927,878,899,874,878,880,887,878,878,904,882,879,874,915,899,865,873,894,876,866,891,909,899,888,928,875,869,872,876,878,879,869,872,869,867,886,1008,975,1036,,,
,941,911,1006,907,892,897,969,957,887,868,877,875,868,870,876,905,897,1035,1037,884,878,897,889,876,870,881,879,873,897,873,870,933,947,877,876,869,873,865,876,919,920,915,916,932,883,873,873,870,881,874,880,885,889,908,1005,1174,1064,,,
,984,1017,924,876,878,908,1025,900,882,873,874,873,872,871,883,879,896,939,946,890,875,874,876,872,869,879,875,878,881,871,875,908,884,894,886,875,871,871,879,867,875,873,885,876,890,892,872,872,878,870,915,1059,886,903,1203,1095,1106,,,
,1007,976,915,879,945,980,893,882,886,874,877,877,882,910,945,894,905,949,963,878,895,875,876,882,960,974,878,877,880,872,874,883,880,870,881,883,873,878,888,877,882,876,888,899,875,878,880,875,880,869,964,1096,871,886,1184,1062,1143,,,
,947,877,876,888,899,874,870,880,885,877,876,877,891,891,897,884,923,951,984,921,899,885,898,886,890,882,871,882,889,876,875,884,884,873,882,881,873,880,893,877,880,874,880,881,873,876,871,876,883,876,897,1054,906,880,1072,1056,1295,,,
,901,877,875,883,875,877,870,879,888,868,875,877,880,898,939,928,893,915,945,948,878,877,879,876,875,882,875,869,885,880,875,873,874,873,871,877,868,873,876,864,872,876,874,870,866,872,873,875,876,870,867,875,932,882,901,936,1207,,,
,899,875,873,884,885,874,864,881,890,876,879,882,883,880,934,904,916,899,877,882,875,873,983,994,878,880,877,881,1086,1089,873,889,884,873,882,880,873,883,872,880,882,882,878,879,868,873,870,878,879,868,871,875,873,878,882,882,936,,,
,914,873,873,876,874,870,868,878,886,873,877,876,880,880,940,974,906,925,877,885,870,870,877,874,877,881,874,878,880,872,876,877,896,901,875,868,867,868,874,870,874,872,874,873,874,880,868,876,881,877,876,877,871,873,880,876,890,,,
,910,872,877,878,871,872,866,882,911,897,884,905,900,884,911,907,877,889,872,880,878,868,873,879,874,883,872,868,883,888,899,883,872,877,874,873,868,870,872,868,874,885,875,872,870,875,874,876,879,872,873,882,875,875,880,881,902,,,
,918,878,874,881,883,874,872,879,890,873,876,884,874,883,888,908,874,1048,1054,883,874,866,875,872,877,876,874,877,886,867,870,876,871,880,872,874,871,872,867,870,874,877,878,873,873,875,869,878,883,874,875,875,866,871,876,876,906,,,
,913,876,870,876,875,875,868,877,889,866,874,878,874,874,883,877,872,891,888,871,874,872,870,870,867,874,875,876,883,868,870,870,871,875,873,873,869,873,869,868,871,874,877,869,864,874,872,869,873,872,874,876,876,875,877,892,919,,,
,918,873,874,876,877,873,865,876,883,873,883,886,884,962,955,886,964,971,868,874,873,883,882,910,907,877,867,872,882,873,877,877,872,881,878,868,867,872,872,863,868,877,878,870,864,880,883,876,879,874,877,879,871,876,878,879,912,,,
,919,873,882,884,877,870,870,875,884,869,875,884,879,885,913,889,863,884,873,881,875,870,871,868,892,896,866,904,896,870,876,875,874,871,883,869,868,875,865,870,864,872,876,875,873,878,875,871,882,866,878,877,873,877,883,895,926,,,
,911,865,875,883,879,868,864,882,889,875,878,876,905,924,1056,1041,872,911,906,874,871,868,869,873,870,879,878,876,886,874,880,877,871,868,874,873,868,874,867,872,874,879,875,877,874,879,875,873,889,903,890,883,873,878,893,882,918,,,
,918,877,875,884,882,878,865,874,889,868,875,876,912,916,896,896,881,878,876,878,878,872,870,882,882,879,872,881,877,873,879,873,875,874,871,868,883,890,870,872,877,890,875,880,872,879,874,876,878,873,877,876,878,883,892,897,946,,,
,932,877,878,885,881,873,867,879,892,876,886,880,887,902,886,877,875,880,874,879,903,905,874,877,878,874,870,879,998,969,880,885,875,877,884,875,869,871,870,867,869,885,874,880,866,877,870,876,888,875,886,886,876,878,882,883,933,,,
,946,871,877,886,873,870,868,886,891,899,892,875,872,878,884,874,868,885,869,875,879,877,872,864,873,875,873,869,876,870,876,878,871,874,881,872,865,870,871,872,875,882,880,874,870,879,875,881,889,880,881,878,891,886,898,909,959,,,
,959,875,874,886,874,878,865,881,890,869,873,880,876,870,882,878,866,884,875,877,894,891,870,873,875,877,872,878,891,873,872,875,893,898,878,874,869,869,871,875,868,875,906,911,864,879,876,879,883,874,877,872,879,891,881,886,938,,,
,989,878,881,886,883,873,867,880,882,894,896,882,875,879,883,888,905,928,863,875,874,878,878,879,872,1068,1053,876,887,873,880,876,872,880,901,895,872,871,877,882,876,876,875,875,871,881,873,882,885,889,884,888,892,888,902,915,970,,,
,965,878,887,880,874,872,868,873,894,895,869,879,871,875,882,882,870,886,872,869,875,877,873,869,873,876,872,875,888,876,873,883,872,874,878,876,871,871,874,877,874,870,869,872,872,876,874,875,878,871,879,878,874,873,882,883,953,,,
,1005,890,879,884,885,877,871,868,897,879,882,887,882,886,880,882,879,915,911,874,890,876,873,876,876,879,866,874,882,925,937,881,882,874,884,883,878,873,872,874,873,879,880,884,876,880,872,885,888,892,893,889,902,893,909,928,1002,,,
,1029,888,880,884,879,874,874,884,887,881,879,883,876,883,890,885,880,893,875,893,883,880,884,880,880,887,881,873,884,882,883,888,882,876,882,878,874,873,879,874,887,887,885,884,877,879,873,879,881,873,886,889,886,880,890,895,962,,,
,940,907,910,914,914,902,888,908,926,904,917,926,908,902,923,916,916,926,916,923,916,911,910,909,911,928,918,902,926,908,905,922,905,900,910,901,894,895,894,894,906,907,910,907,901,923,913,927,920,909,914,930,922,932,941,942,954,,,
,,,,,,,,,,,,,,,,,,,,,,,,,,,,,,,,,,,,,,,,,,,,,,,,,,,,,,,,,,,,,,,,,,,,,,,,,,,
GAP_VERTICAL,,,,,,,,,,,,,,,,,,,,,,,,,,,,,,,,,,,,,,,,,,,,,,,,,,,,,,,,,,,,,,,
,1334,1420,1420,1415,1412,1413,1428,1405,1416,1401,1407,1393,1442,1475,1433,1400,1398,1422,1424,1411,1447,1436,1465,1458,1451,1442,1451,1426,1461,1434,1430,1457,1453,1416,1466,1450,1430,1443,1427,1431,1419,1414,1450,1445,1447,1429,1459,1452,1479,1457,1458,1462,1478,1451,1473,1426,1431,1337,,,
,942,897,912,891,900,887,889,899,890,899,896,899,902,1162,946,984,893,921,894,892,897,897,904,901,912,897,899,898,1034,906,919,896,905,891,901,911,900,906,897,895,896,901,897,912,893,893,902,888,898,913,897,894,891,898,896,883,888,895,,,
,920,897,907,897,902,925,901,897,899,910,900,904,899,936,910,898,896,899,901,904,904,903,902,906,907,901,905,904,992,897,890,905,892,895,895,904,897,895,896,897,896,896,899,917,904,890,895,895,900,914,900,893,896,894,893,892,890,898,,,
,914,886,893,896,894,912,896,893,904,906,914,908,903,907,913,910,908,914,909,909,911,903,912,923,915,918,923,918,912,916,923,918,917,921,913,917,919,916,915,917,912,904,912,918,915,911,908,904,901,908,904,902,906,901,906,895,901,899,,,
,906,883,887,890,906,878,884,892,925,898,894,897,891,899,897,898,908,918,903,909,921,913,916,903,920,915,907,905,912,899,900,896,907,905,902,903,896,890,896,897,893,887,899,908,889,891,889,891,891,897,880,885,895,888,887,890,889,889,,,
,899,882,881,882,894,886,882,880,907,893,891,889,893,892,900,897,898,896,891,891,901,900,908,908,899,896,897,892,890,890,897,896,894,1049,895,898,902,893,892,886,890,888,891,900,895,896,890,903,894,882,889,890,889,887,891,887,894,918,,,
,901,884,888,890,895,901,897,891,891,899,906,896,904,926,901,910,907,904,909,900,904,911,904,934,908,907,901,898,897,907,904,901,907,1009,902,903,909,898,902,898,905,901,903,907,904,902,897,902,898,893,905,899,900,906,896,891,900,906,,,
,913,887,888,894,892,892,894,899,905,895,902,899,902,958,899,898,907,898,897,895,903,903,897,917,900,901,900,899,913,902,894,910,903,899,896,912,895,891,894,893,890,894,897,906,897,895,901,908,898,900,893,893,895,919,900,915,919,911,,,
,930,889,891,888,915,905,894,888,903,910,901,904,906,966,913,908,896,902,901,895,915,912,903,903,912,898,903,899,908,916,916,909,911,905,897,926,901,907,897,895,898,893,898,908,896,890,896,895,895,902,904,901,898,900,898,920,903,906,,,
,919,885,881,883,893,882,880,879,895,892,889,892,897,907,929,891,883,885,904,883,895,891,898,888,896,889,893,890,884,896,892,906,901,888,894,897,889,911,899,884,887,888,881,887,892,886,889,896,891,894,883,883,884,879,887,892,919,1036,,,
,898,904,903,898,912,905,908,900,908,918,910,914,914,939,938,924,1020,916,910,910,914,920,928,921,929,923,921,909,916,914,906,926,919,915,936,919,932,915,930,914,904,914,916,925,919,910,908,909,916,915,904,895,910,900,907,916,989,1009,,,
,902,889,894,896,885,893,897,891,891,897,904,900,900,910,892,900,971,901,902,901,907,904,909,903,906,901,909,909,949,913,895,908,903,893,909,907,903,909,917,899,919,904,902,899,911,914,894,889,888,912,886,890,897,889,912,959,1002,1129,,,
,896,889,881,882,894,932,919,892,890,886,899,888,890,893,902,891,923,906,952,907,900,895,904,898,902,1090,901,926,973,952,892,904,897,894,892,902,905,892,923,907,1027,924,902,897,902,920,891,897,893,892,886,886,893,886,890,960,1063,1082,,,
,917,881,886,927,1047,1079,1010,913,889,892,895,893,888,900,902,891,895,892,919,893,908,898,903,897,899,1092,899,918,912,911,906,888,921,890,898,895,906,896,893,937,960,953,937,894,895,899,894,890,892,886,892,889,891,893,912,965,1039,1126,,,
,936,889,945,1058,983,931,911,908,892,898,892,892,897,899,905,904,898,894,1092,910,939,904,928,905,912,901,900,909,896,902,897,907,984,902,896,900,898,889,893,925,923,892,954,929,911,892,890,892,894,893,898,891,916,952,920,1071,1247,1243,,,
,907,906,1014,931,886,906,891,925,885,886,884,880,887,895,889,892,902,917,1073,896,898,890,914,891,887,887,890,900,890,892,894,898,915,924,888,890,900,890,891,916,894,906,887,888,928,897,883,886,882,882,884,911,1091,1086,1107,1037,1089,1146,,,
,925,880,892,892,906,967,1040,911,898,896,899,899,900,911,930,935,902,933,1001,937,914,908,906,912,903,971,906,914,907,896,904,908,915,921,906,908,897,902,906,890,903,894,904,919,896,912,893,895,891,889,889,950,903,890,907,944,1064,1134,,,
,913,914,1041,1115,1120,1056,925,891,890,894,895,893,900,905,916,936,909,947,1015,948,963,902,922,899,904,1014,903,897,899,889,894,894,897,899,896,893,901,900,930,897,915,885,887,912,898,895,890,887,890,890,892,965,917,885,899,1055,1067,1297,,,
,920,884,893,906,919,892,882,881,887,887,890,884,883,895,905,933,934,914,983,914,911,896,923,904,905,898,897,890,893,893,888,893,897,891,889,893,887,893,891,889,890,886,891,895,892,886,886,893,889,890,891,911,1100,1064,1078,987,1100,1129,,,
,903,886,885,895,900,898,894,890,897,901,907,899,902,905,931,981,951,909,916,975,911,907,910,986,910,904,904,909,910,1127,910,905,912,904,901,909,901,896,903,901,919,907,898,904,897,894,899,895,900,902,897,892,914,986,949,908,957,1220,,,
,915,889,880,883,890,894,896,892,893,896,892,893,899,916,915,957,934,930,901,896,905,902,913,1052,910,900,897,898,906,1104,895,896,903,916,893,907,896,901,896,893,899,894,888,903,896,892,903,895,891,896,897,897,894,889,890,885,906,998,,,
,929,885,889,886,892,887,888,880,892,912,892,889,914,893,902,997,904,933,906,896,897,899,898,902,895,894,899,900,896,893,931,899,898,906,892,900,906,899,890,898,894,893,894,904,895,892,896,883,899,891,900,889,891,887,893,895,895,893,,,
,939,893,908,905,899,899,899,897,900,919,908,915,933,909,917,917,928,907,1103,910,914,928,915,920,915,916,916,920,908,906,923,922,919,915,915,918,916,911,896,906,908,906,912,915,912,911,902,900,917,901,906,900,908,896,899,900,905,895,,,
,902,882,895,889,902,893,889,884,896,897,893,892,898,907,908,909,911,899,1139,896,897,902,906,908,908,902,896,901,899,894,894,897,901,899,895,902,898,901,897,897,897,889,893,899,899,891,892,896,898,897,893,891,897,897,901,885,908,896,,,
,892,884,887,880,889,883,886,884,886,888,895,892,909,905,988,902,900,953,902,898,901,896,919,900,953,900,903,897,898,899,892,895,895,903,909,902,898,898,897,893,895,896,894,900,897,888,899,899,897,892,897,891,894,890,903,884,906,896,,,
,887,881,884,873,881,888,891,884,891,897,894,893,900,900,1004,899,896,988,894,891,902,901,916,900,934,912,902,890,920,896,892,892,899,893,892,893,888,886,888,888,888,886,898,891,892,885,891,896,892,893,896,892,898,882,899,898,909,898,,,
,903,878,881,884,892,879,891,892,890,886,892,892,894,912,920,1063,886,900,937,885,899,898,892,899,903,918,892,892,932,888,893,891,893,885,885,899,886,886,890,891,887,881,888,897,885,887,891,887,883,888,915,886,893,880,900,895,910,888,,,
,910,887,886,882,886,884,898,889,894,895,889,897,891,970,898,1036,898,894,926,891,897,892,899,902,901,901,894,898,896,892,899,895,901,898,908,900,902,898,893,889,896,890,907,893,892,886,894,894,900,924,943,890,885,888,898,894,910,881,,,
,908,882,887,885,891,898,891,889,886,902,902,907,901,900,909,926,905,905,887,892,897,912,904,899,908,902,906,900,894,987,897,900,906,896,886,901,898,916,894,894,891,887,895,895,897,885,889,889,895,891,889,889,889,879,892,882,908,875,,,
,913,883,886,885,886,880,886,886,891,906,904,896,895,901,903,902,900,896,896,900,901,938,904,905,908,897,902,900,909,1021,896,897,897,894,902,907,900,900,892,894,891,894,899,905,890,898,904,892,907,893,910,891,914,889,919,893,931,883,,,
,940,884,884,892,885,884,890,891,893,896,916,892,901,897,894,896,900,888,898,899,896,911,898,899,887,893,891,888,892,895,893,896,897,905,888,893,893,891,890,895,894,890,901,928,899,892,902,904,896,893,898,895,904,902,917,890,927,885,,,
,962,890,893,896,902,906,892,895,903,906,918,904,913,918,912,922,911,938,919,906,914,932,927,918,914,918,1105,908,932,915,914,919,927,935,917,939,921,922,915,907,903,905,911,939,913,903,910,909,917,892,915,894,915,900,926,895,945,885,,,
,964,904,912,909,914,906,910,904,911,934,922,915,916,919,933,930,909,948,919,910,921,921,922,933,919,926,1143,926,930,920,928,930,935,929,928,950,930,916,907,922,920,916,914,919,913,920,914,912,920,905,918,906,921,911,928,896,950,900,,,
,1002,911,921,920,923,908,920,920,935,942,933,929,933,931,929,923,925,925,937,918,932,925,930,928,938,926,927,921,919,921,953,923,919,928,932,926,924,920,918,918,930,918,929,925,921,918,934,922,944,929,939,913,949,915,952,919,974,902,,,
,903,907,901,908,918,908,904,906,906,921,908,921,905,921,924,915,927,910,956,904,924,917,922,921,930,916,922,909,916,912,960,916,920,908,901,915,909,907,904,904,897,898,905,930,909,902,901,907,911,912,916,897,927,902,930,906,963,900,,,
,1345,1373,1394,1391,1408,1408,1422,1418,1411,1386,1386,1424,1433,1433,1438,1424,1428,1436,1435,1431,1486,1481,1504,1490,1490,1496,1501,1486,1482,1501,1486,1490,1474,1470,1504,1482,1493,1502,1505,1476,1485,1451,1491,1519,1490,1482,1483,1486,1481,1497,1508,1476,1485,1459,1499,1461,1465,1336,,,
