CM TEST INPUTS,,,,,,,,,,,,,,,,,,,,,,,,,,,,,,,,,,,,,,,,,,,,,,,,,,,,,,,,,,,,,,,,,,,,,,,,,,,,,,
FAMILY_TYPE,1,,,,,,,,,,,,,,,,,,,,,,,,,,,,,,,,,,,,,,,,,,,,,,,,,,,,,,,,,,,,,,,,,,,,,,,,,,,,,
CM_RANGE_LIMIT_ROW,3200,,,,,,,,,,,,,,,,,,,,,,,,,,,,,,,,,,,,,,,,,,,,,,,,,,,,,,,,,,,,,,,,,,,,,,,,,,,,,
CM_RANGE_LIMIT_COL,3200,,,,,,,,,,,,,,,,,,,,,,,,,,,,,,,,,,,,,,,,,,,,,,,,,,,,,,,,,,,,,,,,,,,,,,,,,,,,,
CM_MIN_LIMIT_CAL,0,,,,,,,,,,,,,,,,,,,,,,,,,,,,,,,,,,,,,,,,,,,,,,,,,,,,,,,,,,,,,,,,,,,,,,,,,,,,,
CM_MAX_LIMIT_CAL,24000,,,,,,,,,,,,,,,,,,,,,,,,,,,,,,,,,,,,,,,,,,,,,,,,,,,,,,,,,,,,,,,,,,,,,,,,,,,,,
CM_MAX_DELTA_SENSOR_PERCENT,50,,,,,,,,,,,,,,,,,,,,,,,,,,,,,,,,,,,,,,,,,,,,,,,,,,,,,,,,,,,,,,,,,,,,,,,,,,,,,
CM_EXCLUDING_COL_EDGE,1,,,,,,,,,,,,,,,,,,,,,,,,,,,,,,,,,,,,,,,,,,,,,,,,,,,,,,,,,,,,,,,,,,,,,,,,,,,,,
CM_EXCLUDING_ROW_EDGE,0,,,,,,,,,,,,,,,,,,,,,,,,,,,,,,,,,,,,,,,,,,,,,,,,,,,,,,,,,,,,,,,,,,,,,,,,,,,,,
CM_GRADIENT_CHECK_COL,22,20,20,20,20,20,21,21,21,22,22,23,23,23,24,24,24,24,25,25,28,
CM_GRADIENT_CHECK_ROW,20,20,20,20,20,20,20,20,20,20,20,20,20,20,20,20,20,20,20,20,20,20,20,20,20,20,20,20,20,20,20,20,20,20,
DIFF_NOISE_THRESHOLD,10000,,,,,,,,,,,,,,,,,,,,,,,,,,,,,,,,,,,,,,,,,,,,,,,,,,,,,,,,,,,,,,,,,,,,,,,,,,,,,
PER_ELEMENT_MIN_MAX_TABLE_SENSOR,3229,5997,3087,5734,3077,5714,3069,5701,3064,5691,3058,5680,3054,5671,3048,5661,3044,5653,3040,5646,3037,5640,3033,5633,3031,5630,3029,5625,3027,5622,3027,5621,3025,5618,3025,5619,3026,5621,3026,5620,3060,5684,
,3221,5976,3096,5749,3086,5731,3078,5717,3073,5708,3068,5688,3064,5691,3059,5681,3056,5675,3051,5667,3049,5662,3046,5657,3044,5654,3042,5650,3040,5647,3040,5647,3039,5644,3039,5644,3041,5648,3040,5647,3078,5712,
,3218,5977,3092,5742,3081,5722,3073,5708,3069,5700,3064,5690,3060,5683,3055,5675,3052,5668,3048,5661,3046,5656,3043,5651,3042,5649,3040,5646,3039,5644,3039,5644,3038,5642,3038,5642,3040,5646,3039,5645,3083,5727,
,3233,6000,3104,5765,3093,5745,3085,5730,3081,5722,3076,5714,3073,5707,3068,5698,3065,5692,3061,5685,3059,5676,3056,5664,3056,5664,3054,5664,3053,5671,3053,5671,3053,5664,3054,5672,3055,5664,3055,5675,3103,5760,
,3238,6013,3106,5760,3095,5736,3087,5733,3084,5727,3080,5720,3076,5712,3071,5700,3068,5688,3064,5688,3063,5688,3060,5683,3059,5682,3058,5680,3058,5679,3058,5679,3057,5678,3059,5681,3060,5684,3061,5686,3113,5781,
,3241,6000,3108,5724,3095,5712,3087,5700,3085,5700,3081,5688,3077,5676,3073,5676,3070,5676,3067,5676,3065,5688,3063,5676,3062,5676,3061,5676,3061,5652,3061,5664,3061,5640,3062,5640,3064,5652,3066,5664,3123,5784,
,3247,6031,3110,5772,3097,5751,3089,5737,3087,5733,3082,5724,3080,5720,3075,5711,3073,5707,3069,5700,3068,5698,3065,5693,3065,5692,3064,5690,3064,5691,3066,5694,3066,5695,3068,5698,3071,5703,3072,5705,3135,5820,
,3249,6034,3109,5774,3096,5750,3088,5736,3086,5732,3082,5723,3079,5719,3074,5709,3072,5705,3069,5699,3068,5698,3065,5693,3064,5688,3064,5690,3064,5691,3066,5695,3067,5697,3069,5701,3072,5705,3073,5708,3139,5830,
,3254,6044,3114,5783,3101,5759,3093,5745,3092,5742,3087,5733,3084,5728,3079,5712,3076,5712,3073,5700,3072,5706,3069,5700,3069,5699,3069,5699,3069,5700,3071,5704,3073,5707,3074,5710,3077,5715,3079,5718,3144,5839,
,3260,6048,3118,5784,3105,5736,3097,5736,3095,5736,3090,5740,3088,5712,3082,5712,3080,5712,3077,5700,3076,5688,3073,5700,3073,5708,3073,5700,3074,5708,3075,5711,3076,5713,3078,5716,3080,5721,3082,5724,3148,5832,
,3256,6036,3113,5760,3099,5748,3092,5724,3090,5736,3085,5712,3082,5712,3078,5700,3075,5712,3072,5705,3071,5704,3068,5699,3068,5699,3068,5698,3068,5688,3070,5700,3070,5688,3072,5688,3075,5688,3077,5700,3141,5808,
,3263,6036,3117,5748,3104,5736,3096,5748,3094,5736,3089,5712,3087,5712,3082,5700,3080,5688,3076,5676,3075,5676,3073,5676,3072,5688,3072,5688,3073,5700,3074,5688,3075,5688,3076,5676,3079,5712,3081,5712,3145,5820,
,3262,6048,3116,5760,3103,5724,3095,5736,3093,5736,3089,5736,3086,5712,3082,5700,3079,5700,3075,5700,3075,5688,3073,5688,3072,5705,3072,5700,3072,5700,3073,5708,3073,5708,3075,5711,3078,5716,3080,5720,3142,5836,
,3277,6048,3127,5772,3111,5760,3104,5748,3102,5748,3097,5736,3095,5724,3090,5712,3088,5712,3084,5712,3084,5724,3082,5712,3081,5712,3081,5712,3081,5712,3082,5712,3083,5700,3084,5700,3087,5700,3089,5724,3152,5854,
,3318,6144,3147,5845,3115,5785,3107,5771,3106,5768,3101,5759,3098,5754,3094,5746,3091,5741,3088,5735,3087,5724,3085,5724,3085,5724,3085,5724,3084,5729,3086,5731,3086,5731,3087,5734,3091,5740,3092,5743,3155,5860,
,3290,6110,3135,5823,3114,5784,3107,5770,3105,5767,3101,5759,3098,5754,3094,5746,3092,5742,3088,5736,3088,5736,3086,5732,3086,5732,3086,5731,3086,5731,3087,5734,3088,5734,3089,5737,3092,5743,3095,5748,3158,5866,
,3351,6224,3136,5825,3117,5789,3108,5773,3109,5774,3105,5766,3103,5764,3099,5756,3098,5755,3095,5748,3096,5751,3095,5749,3095,5748,3095,5748,3096,5749,3098,5754,3099,5757,3102,5761,3106,5770,3110,5776,3199,5942,
,3099,5756,3074,5700,3069,5676,3067,5664,3068,5676,3068,5676,3070,5688,3069,5688,3071,5688,3073,5688,3076,5712,3077,5712,3081,5723,3084,5712,3088,5724,3094,5736,3099,5755,3104,5748,3111,5760,3119,5784,3267,6067,
,3125,5803,3090,5736,3084,5724,3081,5712,3084,5727,3084,5729,3086,5732,3086,5731,3089,5736,3089,5738,3093,5745,3095,5749,3099,5756,3103,5762,3106,5769,3112,5780,3118,5790,3124,5802,3132,5816,3139,5831,3288,6106,
,3126,5748,3084,5688,3078,5664,3075,5664,3079,5664,3079,5676,3082,5664,3082,5676,3085,5676,3086,5688,3090,5712,3092,5712,3096,5724,3100,5724,3105,5736,3111,5748,3117,5760,3123,5760,3132,5796,3139,5808,3298,6096,
,3144,5840,3100,5758,3093,5745,3090,5740,3094,5746,3094,5747,3097,5752,3097,5753,3100,5758,3101,5760,3106,5769,3109,5774,3113,5782,3117,5788,3121,5797,3128,5810,3134,5820,3140,5832,3152,5853,3156,5862,3316,6156,
,3150,5832,3105,5768,3099,5755,3096,5751,3100,5757,3101,5759,3104,5764,3104,5765,3107,5771,3107,5771,3112,5780,3115,5785,3118,5792,3123,5800,3127,5808,3133,5819,3139,5830,3146,5843,3154,5858,3162,5873,3320,6167,
,3156,5844,3111,5772,3105,5748,3102,5762,3106,5768,3106,5769,3109,5772,3110,5760,3113,5760,3113,5772,3118,5772,3120,5760,3124,5772,3128,5784,3133,5784,3139,5808,3145,5832,3151,5853,3160,5869,3167,5882,3322,6170,
,3163,5875,3119,5792,3112,5780,3110,5776,3113,5783,3114,5784,3117,5789,3118,5790,3121,5796,3121,5796,3126,5796,3128,5809,3131,5808,3136,5820,3140,5832,3146,5832,3152,5844,3158,5856,3166,5880,3174,5892,3327,6156,
,3159,5867,3115,5785,3109,5774,3106,5770,3110,5776,3110,5777,3113,5782,3114,5783,3117,5789,3117,5790,3122,5798,3125,5803,3128,5810,3132,5818,3137,5826,3143,5837,3148,5847,3155,5859,3172,5892,3178,5903,3372,6262,
,3165,5878,3121,5797,3115,5784,3113,5772,3116,5784,3116,5772,3119,5793,3120,5795,3123,5800,3123,5801,3128,5809,3130,5813,3134,5820,3138,5828,3142,5836,3149,5848,3153,5857,3160,5868,3168,5883,3175,5897,3320,6156,
,3167,5856,3124,5802,3118,5791,3116,5784,3119,5784,3119,5772,3123,5772,3123,5772,3126,5784,3127,5772,3131,5796,3133,5808,3137,5808,3140,5832,3145,5840,3151,5852,3155,5844,3162,5856,3170,5868,3178,5892,3319,6132,
,3172,5891,3130,5813,3124,5802,3122,5798,3125,5804,3125,5805,3129,5811,3129,5812,3132,5817,3133,5819,3137,5826,3139,5831,3143,5837,3146,5844,3150,5851,3157,5863,3161,5871,3167,5883,3174,5896,3182,5910,3321,6168,
,3182,5911,3140,5820,3134,5796,3132,5796,3135,5808,3135,5808,3139,5820,3139,5820,3142,5820,3143,5820,3148,5820,3150,5820,3153,5808,3157,5820,3160,5832,3166,5856,3171,5844,3176,5868,3183,5880,3191,5892,3326,6144,
,3189,5923,3146,5843,3140,5833,3138,5828,3141,5834,3142,5836,3145,5841,3146,5842,3148,5847,3149,5848,3154,5857,3156,5861,3159,5867,3163,5874,3167,5881,3172,5892,3176,5899,3182,5910,3189,5924,3197,5938,3329,6183,
,3185,5915,3144,5839,3138,5829,3136,5825,3139,5830,3140,5831,3142,5836,3143,5838,3146,5842,3147,5845,3151,5853,3154,5832,3157,5856,3161,5844,3165,5856,3170,5868,3175,5868,3180,5892,3187,5904,3194,5904,3322,6168,
,3188,5920,3146,5843,3140,5832,3138,5829,3141,5835,3142,5836,3145,5842,3146,5843,3149,5848,3150,5851,3155,5859,3156,5862,3160,5868,3164,5876,3168,5883,3173,5894,3177,5901,3183,5911,3190,5926,3208,5957,3334,6192,
,3201,5945,3158,5866,3153,5856,3151,5853,3155,5861,3157,5863,3159,5867,3160,5868,3163,5874,3164,5876,3168,5885,3171,5889,3174,5895,3178,5903,3182,5911,3188,5921,3192,5929,3198,5940,3206,5954,3212,5965,3334,6193,
,3213,5964,3155,5861,3148,5846,3146,5843,3152,5854,3153,5856,3157,5863,3158,5866,3162,5874,3163,5875,3169,5887,3173,5893,3176,5900,3181,5909,3186,5917,3193,5930,3198,5940,3204,5950,3213,5967,3222,5983,3372,6252,
CP TEST INPUTS,,,,,,,,,,,,,,,,,,,,,,,,,,,,,,,,,,,,,,,,,,,,,,,,,,,,,,,,,,,,,,,,,,,,,,,,,,,,,,
CP_MAX_DELTA_SENSOR_RX_PERCENT,50,,,,,,,,,,,,,,,,,,,,,,,,,,,,,,,,,,,,,,,,,,,,,,,,,,,,,,,,,,,,,,,,,,,,,,,,,,,,,
CP_MAX_DELTA_SENSOR_TX_PERCENT,50,,,,,,,,,,,,,,,,,,,,,,,,,,,,,,,,,,,,,,,,,,,,,,,,,,,,,,,,,,,,,,,,,,,,,,,,,,,,,
PER_ELEMENT_MIN_MAX_RX,14092,42277,9662,28987,8253,24760,7772,23317,7188,21565,7205,21616,6884,20653,6938,20815,6748,20246,7002,21008,6658,19976,6765,20296,6463,19389,6860,20580,6405,19215,6863,20591,6959,20877,12345,37035,9506,28519,7928,23785,7908,23726,7477,22433,7382,22146,6954,20863,7244,21732,6710,20130,6818,20455,6500,19502,6574,19724,6543,19631,6471,19415,6415,19246,7011,21034,7482,22446,
PER_ELEMENT_MIN_MAX_TX,60857,182572,58513,175540,58029,174087,58717,176151,58410,175230,58043,174131,57999,173997,58126,174378,57818,173454,57805,173415,58448,175346,58162,174487,58319,174957,58470,175412,58444,175334,58590,175770,58459,175379,58476,175429,58872,176618,58940,176822,61562,184687
